"Return","Date","Price"
0.0158694480536386,2000-01-02,101.599603648744
-0.0328045954960276,2000-01-03,98.3207446084881
-0.0167230885297615,2000-01-04,96.6901900463624
-0.0506051286702189,2000-01-05,91.9189142294687
-0.0145507491768069,2000-01-06,90.591108872569
-0.023252452577084,2000-01-07,88.508944932662
-0.0679570317940023,2000-01-08,82.6939619434634
-0.0633692185232763,2000-01-09,77.6162932160815
-0.0189822679125015,2000-01-10,76.1568554854577
-0.0559529993465197,2000-01-11,72.0126718909482
-0.00590139302515946,2000-01-12,71.5889483207201
-0.03117536591599,2000-01-13,69.391566716412
0.0383813160076134,2000-01-14,72.1066778356661
0.0379713311444819,2000-01-15,74.8973111160436
0.0438667188460955,2000-01-16,78.2559378080698
0.0117360732662325,2000-01-17,79.1797656798705
-0.0369393526389506,2000-01-18,76.308278343597
-0.0181971170521497,2000-01-19,74.93224555623
0.0510398625094312,2000-01-20,78.8560607817549
-0.00882975678005005,2000-01-21,78.1628459076327
-0.1301420335389,2000-01-22,68.6246901594072
0.00187159960879122,2000-01-23,68.7532483698841
0.0262340035151918,2000-01-24,70.5807883628908
-0.0772884713719572,2000-01-25,65.331186909076
-0.0204665380840434,2000-01-26,64.0076737493893
-0.0339506689390965,2000-01-27,61.8710456133311
-0.0470690785368387,2000-01-28,59.0263073036393
-0.00674295132813558,2000-01-29,58.6296346615421
-0.00844933717090685,2000-01-30,58.1363400510657
-0.0182319362526473,2000-01-31,57.0860059122248
0.0335327315540039,2000-02-01,59.0327124069896
-0.0548574354482158,2000-02-02,55.8815516971362
0.00972328139033817,2000-02-03,56.4275539137312
-0.0573427584198524,2000-02-04,53.2828664943634
0.0428519497757808,2000-02-05,55.6157689431223
0.0103528660706594,2000-02-06,56.194542362766
0.0406079145182412,2000-02-07,58.52345158608
-0.00690861521061445,2000-02-08,58.1205289994188
-0.00395036606632741,2000-02-09,57.8913845341531
0.0280250586466212,2000-02-10,59.5367419115884
-0.00883176238620633,2000-02-11,59.013242666987
0.00897685085901034,2000-02-12,59.5453806332223
-0.0425401300739103,2000-02-13,57.0654349786222
-0.0222420449042918,2000-02-14,55.810194318672
0.0056869944732191,2000-02-15,56.128490802625
0.0473843935123154,2000-02-16,58.8521245741385
0.022741261652644,2000-02-17,60.2058302855217
0.0249951639824397,2000-02-18,61.7296496090816
-0.00908048957812052,2000-02-19,61.1716514515256
0.0273221480450645,2000-02-20,62.8660340513903
-0.00554141216913858,2000-02-21,62.5186308863182
0.0347942592619021,2000-02-22,64.7322068908886
-0.0210125299086856,2000-02-23,63.3862103775883
-0.000615997020954913,2000-02-24,63.3471766843797
-0.0322668787699921,2000-02-25,61.3357861712929
0.0528051601994709,2000-02-26,64.6616713511245
0.0329887450450909,2000-02-27,66.830353116355
-0.038069909116248,2000-02-28,64.3339481027741
-0.00632815640066432,2000-02-29,63.928118249007
-0.0236051530027237,2000-03-01,62.4367563975684
0.0353811354724002,2000-03-02,64.6853846758486
0.0106031494683199,2000-03-03,65.3749025485041
-0.0126843576011352,2000-03-04,64.5509009200722
0.0629904727778122,2000-03-05,68.747786997876
0.0115391738299754,2000-03-06,69.545674289173
-0.0110655199001801,2000-03-07,68.7803573702858
0.0140881192245769,2000-03-08,69.7562010059673
0.00191402708625131,2000-03-09,69.8898441215982
-0.0146685263470283,2000-03-10,68.8721454195755
0.00224852639395025,2000-03-11,69.027180491265
-0.0226045039299008,2000-03-12,67.4843583761313
-0.0120968137663215,2000-03-13,66.6729304021189
0.0395766350783682,2000-03-14,69.3645315827747
0.0130579875680668,2000-03-15,70.2762323076633
-0.0150047941478824,2000-03-16,69.2296236187486
-0.0380835400583624,2000-03-17,66.642686984282
0.00280131674539717,2000-03-18,66.8296359887228
-0.00561293721418103,2000-03-19,66.4555762069705
-0.0165187653690704,2000-03-20,65.3668292707837
0.00719415559938855,2000-03-21,65.8387840340637
0.0184371277718373,2000-03-22,67.0639214101671
-0.00762892260909677,2000-03-23,66.5542425660546
0.0254579849521615,2000-03-24,68.2703308634754
-0.0183992752996499,2000-03-25,67.0256915938638
0.0234668304683863,2000-03-26,68.61717260911
-0.000575903729045096,2000-03-27,68.5776671003047
-0.0294233167547197,2000-03-28,66.589280590643
-0.00402547977381327,2000-03-29,66.3217655878342
0.00456579730233839,2000-03-30,66.6252696680471
0.013272361913583,2000-03-31,67.515438614568
0.0112388854413908,2000-04-01,68.2785169374289
0.0256595124839314,2000-04-02,70.053181538991
-0.0329514922570814,2000-04-03,67.7824422544028
0.012659340492986,2000-04-04,68.6459776321295
0.0255010216187079,2000-04-05,70.4190314496183
0.020150949311005,2000-04-06,71.8524355053578
0.0132937637425254,2000-04-07,72.8140020656674
-0.014368828497453,2000-04-08,71.7752309917519
-0.0316381111300083,2000-04-09,69.5399448247685
0.00463039597735151,2000-04-10,69.8626889454382
-0.0220453431354725,2000-04-11,68.3393944626199
0.0101306497084145,2000-04-12,69.0352356396392
0.0241375212681776,2000-04-13,70.7218485485616
0.0492473335353267,2000-04-14,74.291897193058
-0.015597409453953,2000-04-15,73.1421260882965
-0.0659762874395915,2000-04-16,68.472225343693
-0.00852828543832197,2000-04-17,67.8907576468654
-0.0106799376959868,2000-04-18,67.1695466842979
0.00668054080505191,2000-04-19,67.6197778009832
-0.0391837299095599,2000-04-20,65.0214217749524
0.00370253913823279,2000-04-21,65.2626123671654
0.00789775996237794,2000-04-22,65.7800815481063
-0.0172256156184206,2000-04-23,64.6566825456584
-0.0044518588755656,2000-04-24,64.3694798867959
-0.0049530779188697,2000-04-25,64.0514411229118
-0.044583369725558,2000-04-26,61.258533264897
-0.0285617705020953,2000-04-27,59.5336314802922
0.0149029165939388,2000-04-28,60.4275003073332
-0.0266394712639421,2000-04-29,58.8389960467184
0.0260632473795096,2000-04-30,60.3926905684442
0.0036339813189565,2000-05-01,60.6125557287558
-0.055601551028735,2000-05-02,57.3343838434925
0.0255414501570603,2000-05-03,58.8176488857331
0.0223074579621739,2000-05-04,60.1444650428145
-0.0472166619634543,2000-05-05,57.3706447489727
0.00854631702234213,2000-05-06,57.8630536107866
0.0307972036065762,2000-05-07,59.6727983546973
0.00850732216947268,2000-05-08,60.1826196070401
0.00191828458486318,2000-05-09,60.2981777998229
-0.0387479975657969,2000-05-10,58.0064311793689
-0.0216136264680008,2000-05-11,56.7661535740342
-0.034646084263854,2000-05-12,54.8331082173638
-0.0209009742266496,2000-05-13,53.6989367681936
-0.0255066208783302,2000-05-14,52.3465787068255
-0.0271199921932016,2000-05-15,50.9460173484923
-0.00326047257287773,2000-05-16,50.7801797576023
0.00890668842258354,2000-05-17,51.2344831629002
-0.0128332997770725,2000-05-18,50.5811766867323
0.021764034056794,2000-05-19,51.6940939942907
0.0153099627822349,2000-05-20,52.4916181037127
-0.0323776250150056,2000-05-21,50.8192833808964
-0.0142489544810797,2000-05-22,50.1002962971386
-0.00544529166191926,2000-05-23,49.8282269920761
0.0274260207511162,2000-05-24,51.2137295451536
0.0144538634532193,2000-05-25,51.9593413035084
0.0265906837266793,2000-05-26,53.3595089221544
-0.00715459893814032,2000-05-27,52.9791054760082
-0.0293592048026183,2000-05-28,51.4462922574456
0.020366277644153,2000-05-29,52.5048041148377
-0.0477226937779728,2000-05-30,50.0579822511582
0.0285579907544086,2000-05-31,51.5081459700292
0.00248429030523987,2000-06-01,51.6362662357772
0.000444463333349381,2000-06-02,51.6592217638574
-0.0144165752495632,2000-06-03,50.9198153662794
0.0112540413553059,2000-06-04,51.4961057899284
0.0192228699069843,2000-06-05,52.4955843787061
0.00304450830402453,2000-06-06,52.6556511599554
0.0425243926782248,2000-06-07,54.9430920719288
-0.030477490163636,2000-06-08,53.2938249469737
0.0122093142216109,2000-06-09,53.9484944018993
0.00673119195642785,2000-06-10,54.3128569950174
-0.0281282655103781,2000-06-11,52.8064166333087
-0.0508064514980912,2000-06-12,50.1905247547248
-0.015503113425995,2000-06-13,49.4184158667877
-0.016095005099687,2000-06-14,48.6293929085677
-0.0196196938840775,2000-06-15,47.684597708895
-0.00731079003896575,2000-06-16,47.3372568420721
-0.0572962563174221,2000-06-17,44.7012470843969
-0.000762969275759742,2000-06-18,44.6671544137673
-0.00373035068434244,2000-06-19,44.500840660905
0.00607555384928274,2000-06-20,44.7720308959281
0.0248949631629421,2000-06-21,45.9006187451564
-0.000983492625216143,2000-06-22,45.8554980167165
-0.0169305049162066,2000-06-23,45.0856764049134
0.0250892390003618,2000-06-24,46.2311511746679
0.0484100561630292,2000-06-25,48.5242607674912
-0.000716628953172847,2000-06-26,48.4894993343063
-0.0418455254928471,2000-06-27,46.5022984515916
-0.0249847748289694,2000-06-28,45.3548431419243
-0.00951966554804279,2000-06-29,44.9251288177517
-0.0411826142773608,2000-06-30,43.1125736155572
-0.0370054278085546,2000-07-01,41.546332820639
-0.00520302964601223,2000-07-02,41.3307274063682
-0.00116918733018076,2000-07-03,41.2824322820629
-0.0296352794729455,2000-07-04,40.0769662491835
-0.014484569644427,2000-07-05,39.5006525443887
-0.0383703719711845,2000-07-06,38.0137075587347
-0.0321082174433388,2000-07-07,36.8125420051259
0.0103060045120115,2000-07-08,37.1938939612243
0.0699753360819731,2000-07-09,39.8897717159224
0.0252281958056647,2000-07-10,40.9089202735728
0.00777004280907732,2000-07-11,41.2280224487092
-0.00692502737123664,2000-07-12,40.9435035523938
-0.040120153424815,2000-07-13,39.3333594932468
0.019796979658092,2000-07-14,40.1198001003608
-0.0358440299341756,2000-07-15,38.7072124389841
-0.0607804183976274,2000-07-16,36.4246423128057
0.0113295581191048,2000-07-17,36.8396639816145
-0.0501636856913513,2000-07-18,35.0372368042995
0.0259881548619919,2000-07-19,35.9597249031864
-0.0512223549378346,2000-07-20,34.1641621589287
-0.0286997476896935,2000-07-21,33.1975957744622
-0.0292403602002415,2000-07-22,32.240940745643
-0.0477096326470841,2000-07-23,30.7388542158463
-0.019925250074628,2000-07-24,30.1324364345359
0.00330149728957911,2000-07-25,30.2320829926624
-0.017410675322836,2000-07-26,29.7102776839902
0.0506906479560292,2000-07-27,31.2551350370638
0.0233389529321,2000-07-28,31.993176215717
0.0472846424440662,2000-07-29,33.5422983351427
0.0444937079159026,2000-07-30,35.0684191855616
-0.019828132349118,2000-07-31,34.3799262500783
-0.0571485285278572,2000-08-01,32.4702513242777
0.0747335875203478,2000-08-02,34.98984630414
0.0237351152016046,2000-08-03,35.8302686432179
2.14042719188922e-05,2000-08-04,35.8310355722386
0.0464361370624184,2000-08-05,37.5341269203661
0.0146674441760655,2000-08-06,38.0887138757695
0.0247453407305657,2000-08-07,39.0429903326577
-0.0444767293480831,2000-08-08,37.3445366294798
0.0240974617635838,2000-08-09,38.2553755503714
0.0214729191213419,2000-08-10,39.0857131166989
0.0539694821832771,2000-08-11,41.2531093848846
0.0140775297140436,2000-08-12,41.8379582128312
-0.02936558316727,2000-08-13,40.6272261023475
0.013592576564445,2000-08-14,41.1832249517938
-0.0227211051987529,2000-08-15,40.2580469006362
-0.00975915024164634,2000-08-16,39.8670734598263
0.053986420753219,2000-08-17,42.0785107714706
-0.0243577987550668,2000-08-18,41.0659527783571
0.100999936762736,2000-08-19,45.4303014575682
0.0027577192786042,2000-08-20,45.555758383714
-0.0122424000266352,2000-08-21,45.0014465428807
-0.0489032925339069,2000-08-22,42.8536722769412
-0.0929089845972351,2000-08-23,39.05154177263
-0.0646219775358706,2000-08-24,36.6077651321234
-0.0167065276225394,2000-08-25,36.0012569225347
-0.0413576351836605,2000-08-26,34.5426992150862
0.0210147527682601,2000-08-27,35.2762865805706
-0.00164661179956468,2000-08-28,35.2182480274389
0.0203106504176224,2000-08-29,35.9408671423418
-0.0216067660622671,2000-08-30,35.1726306742622
0.0209856251764884,2000-08-31,35.9185497321349
-0.000433993655920333,2000-09-01,35.9029646915702
-0.0486183691932937,2000-09-02,34.1991744479756
-0.0478806112017015,2000-09-03,32.6002805325124
-0.035388257341613,2000-09-04,31.4667878702845
7.38017069126622e-07,2000-09-05,31.4668110933196
-0.00946079992753622,2000-09-06,31.1705137044136
-0.0494597574146821,2000-09-07,29.6663325001489
-0.00519868966589999,2000-09-08,29.5125066368642
-0.00867067679920411,2000-09-09,29.2577194153602
-0.00726395543735624,2000-09-10,29.0459626722133
0.0171967683855179,2000-09-11,29.549778954759
-0.0201086072322974,2000-09-12,28.9615085278639
-0.0485613442862546,2000-09-13,27.5887011953437
-0.0231675742502416,2000-09-14,26.9568849959373
0.00298165409150611,2000-09-15,27.0373810484359
-0.003853112956971,2000-09-16,26.9334034126253
-0.000306698486424557,2000-09-17,26.9251442451662
0.0267345755410792,2000-09-18,27.6546850781985
-0.00536821493025596,2000-09-19,27.5066265454423
0.0192786796209442,2000-09-20,28.042062653073
-0.0281255810481348,2000-09-21,27.2643514041373
-0.0183372495988478,2000-09-22,26.7689541801228
0.007610680283458,2000-09-23,26.9734613641782
0.0003119113541347,2000-09-24,26.9818760052808
-0.0156967532422202,2000-09-25,26.561654837689
0.0139829063697833,2000-09-26,26.9356728053908
0.00537079439190623,2000-09-27,27.0807279478276
-0.00491057924360981,2000-09-28,26.9480718629436
-0.0047344713599462,2000-09-29,26.8207885358928
-0.0150892175579045,2000-09-30,26.4191218615943
-0.031230356699603,2000-10-01,25.6067939309428
-0.016829046758724,2000-10-02,25.1794618796618
0.0134853516553375,2000-10-03,25.5213156058305
0.026731442896379,2000-10-04,26.2127373754139
-0.0257202224720151,2000-10-05,25.5471363344515
0.0142817811686564,2000-10-06,25.9146128082196
-0.0102986258000794,2000-10-07,25.6490974764233
0.0048311129824768,2000-10-08,25.7733109673432
-0.00162005447244251,2000-10-09,25.7315906033969
-0.0165641695617531,2000-10-10,25.3088787737296
0.00572031551016542,2000-10-11,25.4540684148942
-0.0291048014975616,2000-10-12,24.7239099073233
0.0210624240735145,2000-10-13,25.2501781698404
-0.0336417453749448,2000-10-14,24.4148478715662
0.0178653260607151,2000-10-15,24.8549466380354
-0.00215364199253542,2000-10-16,24.8014755806581
-0.00161781076007698,2000-10-17,24.7613839256977
-0.00382520579912782,2000-10-18,24.6668474622977
0.0325277709695379,2000-10-19,25.482397126614
0.0115661170420911,2000-10-20,25.7788405592919
0.0139031613758445,2000-10-21,26.1397510243045
0.0270369117411679,2000-10-22,26.8561298628435
0.0121359351805413,2000-10-23,27.1840398365886
0.0552775319194412,2000-10-24,28.7290142704776
0.00225865907042605,2000-10-25,28.7939766554667
-0.0185437494228214,2000-10-26,28.2649486089285
0.0302831924579153,2000-10-27,29.1339938052148
-0.0143332024713972,2000-10-28,28.719388780127
-0.0111516832491146,2000-10-29,28.4008984058449
0.0306249376101055,2000-10-30,29.2841295673783
0.0274003610239785,2000-10-31,30.0976193513456
-0.0257165317424947,2000-11-01,29.3334805799063
0.0471028525665606,2000-11-02,30.7482289703454
0.0137456040555199,2000-11-03,31.1738001167638
-0.0265191357122064,2000-11-04,30.3579633358227
0.0113884109947792,2000-11-05,30.7056684456172
-0.00683222753699178,2000-11-06,30.49659536284
0.0476949375535253,2000-11-07,31.9863736120813
-0.036983753082244,2000-11-08,30.8250057135858
-0.0481048386210327,2000-11-09,29.3772743980877
0.00321649434306842,2000-11-10,29.4719183642973
-0.00273564422661202,2000-11-11,29.3914038607078
0.00600406628500326,2000-11-12,29.5684026221288
-0.0146920611809187,2000-11-13,29.1371575385906
0.0104633500045987,2000-11-14,29.4436303863001
0.00727348299487282,2000-11-15,29.6585688593031
-0.0692760123278091,2000-11-16,27.6734943295164
-0.0406449557943672,2000-11-17,26.5712582816641
-0.0454062131734397,2000-11-18,25.3917394521275
0.0481338361000304,2000-11-19,26.6438335889814
-0.0202579050088267,2000-11-20,26.1095156924386
-0.00127915290438564,2000-11-21,26.0761389811181
-0.0144751568559506,2000-11-22,25.7014015141865
-0.0111916202614697,2000-11-23,25.4153647810597
0.053074742821138,2000-11-24,26.8007171530212
0.00969663700234753,2000-11-25,27.0618580266463
0.0666373926493928,2000-11-26,28.9266315077571
0.0125908532938484,2000-11-27,29.2931449982276
0.0111985517221239,2000-11-28,29.623029464228
0.00396250118320831,2000-11-29,29.740643622759
-0.00290592305146001,2000-11-30,29.6543450501244
-0.00257866722120171,2000-12-01,29.5779748715343
-0.0264909769168395,2000-12-02,28.8047128754074
-0.01498035613125,2000-12-03,28.3764239876754
0.00374186564705584,2000-12-04,28.4828036588763
-0.0515650387546666,2000-12-05,27.0513114355343
0.0118682682677936,2000-12-06,27.3742763830177
-0.00119822549303987,2000-12-07,27.3414954705866
0.0101720759516218,2000-12-08,27.6210345752986
0.000391755243488822,2000-12-09,27.6318573802309
0.0240321298103259,2000-12-10,28.3039533659489
0.00389358288875586,2000-12-11,28.4143719769705
0.0245337023328173,2000-12-12,29.1201034255627
0.00367053166328779,2000-12-13,29.2271860921583
0.00905678650758606,2000-12-14,29.493092789317
-0.0121044378779755,2000-12-15,29.1382474142935
-0.004921009968715,2000-12-16,28.9952100411199
-0.000642166081437705,2000-12-17,28.9765962779107
-0.00897278627301822,2000-12-18,28.7177584574138
-0.00562234236686148,2000-12-19,28.5567504326086
-0.0333884382425091,2000-12-20,27.6190268099676
0.0252678026973773,2000-12-21,28.3257905098854
-0.0114288085183462,2000-12-22,28.0039033709261
-0.0119616900933868,2000-12-23,27.6709248207714
-0.020889260573757,2000-12-24,27.0988951016168
0.000577208897572805,2000-12-25,27.1145413401235
0.0115744038742709,2000-12-26,27.4301992445295
-0.00928350430195142,2000-12-27,27.1767292371986
0.0333490411650358,2000-12-28,28.0983289199765
0.0131016506021625,2000-12-29,28.4688855592094
-0.0122429551117517,2000-12-30,28.122467190537
-0.0267189242780902,2000-12-31,27.3810146362665
0.0169545514743933,2001-01-01,27.8492052237181
-0.00536460511061769,2001-01-02,27.7002052553829
-0.00148962015244118,2001-01-03,27.6589731890906
0.0116659877342727,2001-01-04,27.9835318991218
0.00600720331927583,2001-01-05,28.1521405911374
0.00519767918358084,2001-01-06,28.298847323241
0.0115877930741854,2001-01-07,28.6286758117092
-0.0140887270326706,2001-01-08,28.2281622012379
0.00136641997752046,2001-01-09,28.2667600904563
-0.0115555358749961,2001-01-10,27.9420025177949
0.000658253709784612,2001-01-11,27.9604014995457
0.0120813385162094,2001-01-12,28.3002493499361
0.0291657504184831,2001-01-13,29.1378019132317
-0.0188733893133934,2001-01-14,28.5930298523564
-0.0139779014253455,2001-01-15,28.1961396080547
0.0233546484711878,2001-01-16,28.8624003966224
-0.00514938406001224,2001-01-17,28.7141588160686
0.0113998435868255,2001-01-18,29.043368640314
0.0149913792459633,2001-01-19,29.4820487886466
0.0181627793343287,2001-01-20,30.0224171760683
-0.0114064599331426,2001-01-21,29.6819133409585
0.0126600735120325,2001-01-22,30.0600772865922
0.013232781548561,2001-01-23,30.4604992276718
-0.0313785529047307,2001-01-24,29.5195331245429
-0.017264277356964,2001-01-25,29.014273735884
-0.0112458076506498,2001-01-26,28.6898126274284
0.03299319955713,2001-01-27,29.6521696632392
0.00546630131583217,2001-01-28,29.8147011756874
-0.00675584399462751,2001-01-29,29.613956568943
-0.00769263296549929,2001-01-30,29.3870212545461
0.00979575359351599,2001-01-31,29.6763038308058
-0.00704634325862279,2001-02-01,29.4679294083851
0.0128395471484247,2001-02-02,29.8487236589851
0.00940155124225804,2001-02-03,30.1306712596322
0.0114396177235504,2001-02-04,30.4773336829114
0.00467315735337525,2001-02-05,30.6200923660162
0.0113479949151085,2001-02-06,30.9695480791673
0.0311794073974268,2001-02-07,31.950371524417
-0.0152896717839754,2001-02-08,31.4655764535301
-0.018571631372319,2001-02-09,30.8866022552625
0.0195255533055683,2001-02-10,31.4956064779238
0.0247045756248021,2001-02-11,32.2833828447823
0.0235066944350102,2001-02-12,33.0512480898758
0.00518744887645736,2001-02-13,33.2231452179533
-0.0369363966669422,2001-02-14,32.0183885992497
-0.0316155190771867,2001-02-15,31.0219451594206
-0.00186623537580107,2001-02-16,30.9641048964977
-0.0207750449914147,2001-02-17,30.3274602823574
-0.0340536635981251,2001-02-18,29.3120858827485
0.0220510200867753,2001-02-19,29.9656264133629
-0.0322419914986883,2001-02-20,29.0148842125306
0.0409834325311948,2001-02-21,30.2287173915023
0.0287147311457076,2001-02-22,31.1093093592798
0.0124158835286133,2001-02-23,31.497966690268
-0.0198390885006556,2001-02-24,30.8792335856869
0.0416916807199477,2001-02-25,32.1938546981216
-0.0179139311165985,2001-02-26,31.6222711423449
0.0633447527186593,2001-02-27,33.6901802634012
-0.0229054024765763,2001-02-28,32.9272639332788
0.0226895008783252,2001-03-01,33.6829072847891
-0.0192678695713013,2001-03-02,33.0401218594066
-0.0177015126328843,2001-03-03,32.4604077704484
-0.0311783908649102,2001-03-04,31.4639590419966
0.00724561224830642,2001-03-05,31.6927625989452
-0.0238765484032557,2001-03-06,30.9450112033486
0.00511058250770419,2001-03-07,31.1035630373312
-0.0207797081591607,2001-03-08,30.4639090033003
0.0180143229646183,2001-03-09,31.0176685250553
-0.00394814158125406,2001-03-10,30.8954478093058
-0.0354232304421225,2001-03-11,29.8201882597747
0.0300729945284122,2001-03-12,30.7305912787831
0.0428133607307817,2001-03-13,32.0748417833709
-0.0168967511097871,2001-03-14,31.5374341719694
-0.0023397045797233,2001-03-15,31.4637321469091
0.0609023982214621,2001-03-16,33.4395028209983
0.0125413711207273,2001-03-17,33.8615208468644
0.0167833050298846,2001-03-18,34.4346249176625
-0.0415261057801655,2001-03-19,33.0339721386212
-0.0457723782434755,2001-03-20,31.5560115875859
-0.0210813458470094,2001-03-21,30.897731488369
-0.00890157439335644,2001-03-22,30.6239135463934
0.0410420581947939,2001-03-23,31.906930728041
-0.0021398584406853,2001-03-24,31.8387274117524
-0.00718680600127035,2001-03-25,31.6107289263047
0.0119952822305645,2001-03-26,31.9921918450294
-0.0190750312149461,2001-03-27,31.3877232438924
0.0119629420126928,2001-03-28,31.7654677196297
-0.0617619846877038,2001-03-29,29.8629264885494
0.00435139717138914,2001-03-30,29.9931550750665
0.0253688885190868,2001-03-31,30.7637817236903
0.040456143975317,2001-04-01,32.0338842041098
0.00807641456564891,2001-04-02,32.2936507120816
-0.0183190481527469,2001-04-03,31.707447505492
-0.00907889875403694,2001-04-04,31.4208816195533
-0.0184417735987387,2001-04-05,30.8467352453017
0.0101378255446925,2001-04-06,31.1610445805085
0.000924950250409318,2001-04-07,31.1898803302574
-0.0118220014877427,2001-04-08,30.8233244995138
-0.0131318334292191,2001-04-09,30.4212038060608
0.0375295095016325,2001-04-10,31.5845907889051
-0.0135166296546863,2001-04-11,31.1605458576022
-0.0050075015859737,2001-04-12,31.0048993999792
-0.0199593998017408,2001-04-13,30.3921951619696
-0.048016244614317,2001-04-14,28.9673575049542
-0.0483039918297451,2001-04-15,27.6013752922813
0.037088692601142,2001-04-16,28.6442949307003
-0.022309799553273,2001-04-17,28.0123222565724
-0.00971492166851855,2001-04-18,27.7415023670911
-0.040516887569892,2001-04-19,26.6399690722943
-0.0334736608127442,2001-04-20,25.7629914937356
-0.0141590262423292,2001-04-21,25.4007829325741
0.0221215341663254,2001-04-22,25.9689483962202
0.0156095778546511,2001-04-23,26.3774930271983
-0.0314914020488603,2001-04-24,25.5597719580024
-0.0676172143135592,2001-04-25,23.8886271286266
0.0172863745489316,2001-04-26,24.3051647246964
-0.00427530916219393,2001-04-27,24.2014744432054
0.0319026158744355,2001-04-28,24.9860126573266
-0.0234676055867802,2001-04-29,24.4064775151349
-0.0186475427964651,2001-04-30,23.9555738696899
0.0115014497274799,2001-05-01,24.2326882520189
0.0271914023688186,2001-05-02,24.9006492716981
0.0392810689747226,2001-05-03,25.8982383048424
0.00833225139255754,2001-05-04,26.1149304500587
-0.0110611966017065,2001-05-05,25.8276597777624
-0.0317611657686898,2001-05-06,25.0202334691502
0.0121530301237544,2001-05-07,25.3261603240034
-0.0173269402589267,2001-05-08,24.891115340451
0.0126239207198709,2001-05-09,25.2073305455622
0.0165069212448896,2001-05-10,25.6268791672467
-0.00273176859549987,2001-05-11,25.5569679975822
0.0153412674803544,2001-05-12,25.9520671918298
0.0116720984764319,2001-05-13,26.2567570013069
0.00454814808505907,2001-05-14,26.3764486016188
-0.00839632617757468,2001-05-15,26.1559104863573
0.054852567921583,2001-05-16,27.6307077896673
0.00152150906511581,2001-05-17,27.6727801606753
0.00961367360032797,2001-05-18,27.9401001414077
-0.0191115572625673,2001-05-19,27.4111915496808
-0.00691190894841484,2001-05-20,27.2223811613209
-0.00105683306111535,2001-05-21,27.1936268458393
0.0259196391286991,2001-05-22,27.9076899929932
0.022239887364745,2001-05-23,28.535307072901
0.0076874361332938,2001-05-24,28.7555157592082
0.0154570575317417,2001-05-25,29.2034443312615
0.0135483545860986,2001-05-26,29.6017953573173
-0.00743344050927439,2001-05-27,29.3825679888305
0.031585821715979,2001-05-28,30.3254530537488
0.065753085463014,2001-05-29,32.3864614867044
-0.0276781210491447,2001-05-30,31.5023567053113
-0.0117941143222577,2001-05-31,31.1329967273341
0.0424542815791653,2001-06-01,32.4831835545255
0.0219605902054944,2001-06-02,33.2044238831184
-0.0339182983685552,2001-06-03,32.0970722293695
-0.0577002252395741,2001-06-04,30.297481581198
-0.0178593591488097,2001-06-05,29.7611911325772
0.00238954758330944,2001-06-06,29.8323919499156
0.00183034818514622,2001-06-07,29.8870456167414
0.0191651409113445,2001-06-08,30.4653590857426
0.0376751983919873,2001-06-09,31.6350432214444
0.0119229677576629,2001-06-10,32.0144843589982
-0.0328727831759569,2001-06-11,30.9791889060399
-0.0150897883168015,2001-06-12,30.5152288365149
-0.015583010092269,2001-06-13,30.0433955568758
-0.00905749937312323,2001-06-14,29.7725061626516
-0.0378999804101284,2001-06-15,28.6652439081093
-0.0298846260283235,2001-06-16,27.821267583682
-0.0215688495125496,2001-06-17,27.2276200118063
0.000342475412847313,2001-06-18,27.2369463991488
0.0271552769398419,2001-06-19,27.9867071289443
-0.00634583114486779,2001-06-20,27.8096705274915
-0.0269723428571151,2001-06-21,27.069604088577
0.00508415892067496,2001-06-22,27.2075807080041
-0.0220633481202321,2001-06-23,26.6138641553047
-0.0420003839371942,2001-06-24,25.5192202850033
-0.0215613747375124,2001-06-25,24.9748802612015
-0.0109061042683984,2001-06-26,24.7039815230472
-0.0215122764290326,2001-06-27,24.1782181034588
0.0377997512368006,2001-06-28,25.1096416212555
0.0244966377219447,2001-06-29,25.7323392758106
0.0358665195903562,2001-06-30,26.6720195244465
-0.0114487727893517,2001-07-01,26.3683989907296
0.000308815125753968,2001-07-02,26.376543208644
0.0124908137311768,2001-07-03,26.7080739305295
-0.0488182285374503,2001-07-04,25.4355470436489
0.032812990990778,2001-07-05,26.2840075570136
-0.0400917127691651,2001-07-06,25.2510809266228
-0.0199323684139415,2001-07-07,24.7527500349727
-0.0222823737085777,2001-07-08,24.2072995422548
-0.000432131180751753,2001-07-09,24.1968410731989
-0.0163782137938936,2001-07-10,23.8037677431361
0.0363963009216137,2001-07-11,24.6860961838286
0.00978718369435609,2001-07-12,24.9288897363499
0.0380799831820172,2001-07-13,25.8964875707782
0.0188721558540421,2001-07-14,26.3898508921679
-0.057234510225017,2001-07-15,24.9218515298558
-0.003865092264925,2001-07-16,24.825712187679
0.00822994568046552,2001-07-17,25.0308695092938
-0.0122788545504058,2001-07-18,24.7253983592172
-0.0108254294308537,2001-07-19,24.4591788741027
0.0122404920931664,2001-07-20,24.7604111140247
0.0334191914420243,2001-07-21,25.6018660928182
-0.0125272169126776,2001-07-22,25.2831464659302
-0.028025127715122,2001-07-23,24.5844197415455
-0.00413078729012959,2001-07-24,24.4830761913718
-0.0498777471477287,2001-07-25,23.2918697989932
-0.00874028743317617,2001-07-26,23.0891792393067
-0.0556108504848784,2001-07-27,21.8402200438948
0.0153465583978585,2001-07-28,22.1779773332681
-0.0356015211086357,2001-07-29,21.4022972283373
0.00775841217856795,2001-07-30,21.568990874663
-0.00390493274808411,2001-07-31,21.4849296493864
-0.0093589188959746,2001-08-01,21.2847919324681
0.00380237371864913,2001-08-02,21.3658787293755
0.0102249557522178,2001-08-03,21.5854646088076
0.0341897446453949,2001-08-04,22.3362271907942
0.0183841910291209,2001-08-05,22.7506584779766
0.0145030724279182,2001-08-06,23.0830172114075
0.0284691729586231,2001-08-07,23.7496153474229
-0.0116769841979732,2001-08-08,23.4739043336828
-0.0300784112759192,2001-08-09,22.7783594653121
0.0349125758469731,2001-08-10,23.587655775429
-0.0182061479448103,2001-08-11,23.1621010355882
-0.00647729060994393,2001-08-12,23.0125582150398
0.000916444391480908,2001-08-13,23.0336576116847
-0.0293672742491702,2001-08-14,22.3670578877501
0.0120025088144356,2001-08-15,22.6371362639583
8.83832552652917e-05,2001-08-16,22.6391370961699
-0.00655564189976333,2001-08-17,22.491208433903
0.0121351333463121,2001-08-18,22.7658050106227
0.0216760707045693,2001-08-19,23.2646653432073
-0.00100438166856165,2001-08-20,23.2413104703778
0.0205651355044781,2001-08-21,23.7242196969391
0.00506779588034712,2001-08-22,23.8447543643594
-0.0169002448471047,2001-08-23,23.4451583236953
-0.0101029428245926,2001-08-24,23.2094857275971
-0.000919777759930318,2001-08-25,23.1881479733056
0.0042098884404996,2001-08-26,23.2859732617094
-0.0157847540725866,2001-08-27,22.9212956455208
0.0148353940565952,2001-08-28,23.263876980084
0.00431427749476434,2001-08-29,23.364460617829
0.00609980911854449,2001-08-30,23.5074149214885
0.00656437356236502,2001-08-31,23.6622339635903
-0.00689253897333527,2001-09-01,23.4997018666581
0.0243963960594452,2001-09-02,24.0800604448076
-0.029354552356615,2001-09-03,23.3834750453426
0.0171884200187723,2001-09-04,23.7888741399402
0.0335143045227016,2001-09-05,24.5996521547801
0.0365386821255038,2001-09-06,25.5151140624682
0.00163314716495151,2001-09-07,25.5568180437629
-0.0348319209064627,2001-09-08,24.6819500965453
0.0055901395173831,2001-09-09,24.8203120120384
-0.0110177998941126,2001-09-10,24.5483477560387
0.0109632826838097,2001-09-11,24.8189589147526
0.0303464338602305,2001-09-12,25.5836702563056
-0.00526453949657057,2001-09-13,25.4493379229671
-0.00136875294993262,2001-09-14,25.41452789521
0.00430766873891726,2001-09-15,25.5242413975971
-0.0457647829241949,2001-09-16,24.3824560833594
-0.0275715725528869,2001-09-17,23.7193765048882
-0.0777809799501063,2001-09-18,21.9443852208649
-0.061502657274464,2001-09-19,20.6354124508537
-0.0244045970146025,2001-09-20,20.1379089044083
0.0331581868015794,2001-09-21,20.8168392961339
0.0328258990912845,2001-09-22,21.5115099803454
0.0251886584734865,2001-09-23,22.060237906409
0.000395326629737306,2001-09-24,22.0689606299606
-0.0132898617604121,2001-09-25,21.7776075036089
0.0138089295706928,2001-09-26,22.0804188905798
-0.073302730558175,2001-09-27,20.5197628283757
0.0364871046046191,2001-09-28,21.2822962847351
-0.0365431951864382,2001-09-29,20.5186118952184
0.00741706193148291,2001-09-30,20.6713655015896
0.0582547842641515,2001-10-01,21.9113379568336
-0.0101951245199583,2001-10-02,21.6890840163605
0.00306425934204235,2001-10-03,21.7556469256025
0.0189700405467543,2001-10-04,22.172291820683
0.0359749826216098,2001-10-05,22.9844609278651
-0.0318199909388602,2001-10-06,22.2646091648705
0.0317698803318683,2001-10-07,22.9833091914339
-0.0574513452068956,2001-10-08,21.7001011093973
0.00108651360592674,2001-10-09,21.7236913777557
0.00317466617802079,2001-10-10,21.792766433141
-0.0231532448792607,2001-10-11,21.2939896078291
0.0187240185865259,2001-10-12,21.6964547895498
0.0245669253932259,2001-10-13,22.2360711941826
0.0328252451597826,2001-10-14,22.9780874904603
-0.0250705823678204,2001-10-15,22.409174740465
-0.0117126459212468,2001-10-16,22.14823514101
0.00848953798163114,2001-10-17,22.3370638244982
0.0367665430179125,2001-10-18,23.1736045653574
-0.0130730204225703,2001-10-19,22.8726271878158
-0.00768127253814695,2001-10-20,22.697609345129
-0.0381817536269024,2001-10-21,21.8473110549484
0.0316737593533513,2001-10-22,22.5503730596091
0.0204177858896352,2001-10-23,23.0155343706748
0.0173489345194511,2001-10-24,23.4183131583099
0.012125642480673,2001-10-25,23.7040038422697
0.0202637768943154,2001-10-26,24.1892362040363
0.00559929795361772,2001-10-27,24.3250588456721
0.000442293898901062,2001-10-28,24.3358200504222
-0.0856184401791248,2001-10-29,22.3389301025154
0.0130239014965404,2001-10-30,22.6317729666456
0.0155093867784116,2001-10-31,22.985513949184
-0.0355468630785131,2001-11-01,22.1828024915447
0.00588673193903898,2001-11-02,22.3137718159083
-0.0174046649190283,2001-11-03,21.9287682422689
0.0167927522553889,2001-11-04,22.3001219130607
-0.0245241907101868,2001-11-05,21.7598810320207
-0.0271645544402782,2001-11-06,21.176739803455
0.0319126107663246,2001-11-07,21.8634438392696
0.100784697059771,2001-11-08,24.1818102525246
-0.0361529585874601,2001-11-09,23.3231807853082
-0.0209341177799311,2001-11-10,22.8400056397667
0.0503096597526847,2001-11-11,24.0184741734877
0.0395476652363143,2001-11-12,24.9873814814513
0.0377301767018544,2001-11-13,25.9481712068391
-0.0381814733048708,2001-11-14,24.9761073052604
-0.0636465639239983,2001-11-15,23.4359951837198
0.0157120451185514,2001-11-16,23.8071306106295
0.0486172935587246,2001-11-17,24.9931661837867
0.0123161717750873,2001-11-18,25.3028897006235
-0.0486470264369447,2001-11-19,24.10143976962
0.064051326446557,2001-11-20,25.6956805717299
-0.0370331934192516,2001-11-21,24.7614922162947
0.042078245307761,2001-11-22,25.8256441744258
-0.074425030582857,2001-11-23,23.9733531460338
0.001341290059499,2001-11-24,24.0055299406849
-0.00498413860743097,2001-11-25,23.8861807256998
0.015250008608436,2001-11-26,24.2532368785294
-0.0433260195306033,2001-11-27,23.2248788534294
-0.0194180297868977,2001-11-28,22.7782478449675
0.0140705891554124,2001-11-29,23.1010166606029
0.0171688415280985,2001-11-30,23.5010586569864
-0.0122264542845513,2001-12-01,23.2154734425407
0.00614265139907232,2001-12-02,23.3585168861893
0.0748749267110776,2001-12-03,25.1746262695739
-0.0140222570618069,2001-12-04,24.8240846248277
-0.0368672941623119,2001-12-05,23.925552784691
0.0193735978103273,2001-12-06,24.3935960230844
0.0503092461894814,2001-12-07,25.6522140587159
0.0424996947770791,2001-12-08,26.765923860824
0.0489172950229013,2001-12-09,28.1077931944702
-0.0503848126506924,2001-12-10,26.7266732032943
0.0345485171336417,2001-12-11,27.6661758954674
0.058486646102681,2001-12-12,29.3325325602707
0.0479330043534125,2001-12-13,30.7727706978533
0.0301986226190525,2001-12-14,31.7162400249988
0.0415258852927617,2001-12-15,33.0610131798272
0.0974140831393384,2001-12-16,36.4437079356285
-0.0191084730839841,2001-12-17,35.753935560033
0.026762654839034,2001-12-18,36.7237249835854
-0.11417438296752,2001-12-19,32.7613222714887
-0.0373351466810757,2001-12-20,31.5607251905128
-0.0131027381143334,2001-12-21,31.1498906798591
-0.023498987362299,2001-12-22,30.4264333408039
-0.0983874786642244,2001-12-23,27.5754054819508
0.043790409063714,2001-12-24,28.8097732573542
-0.0169849264892566,2001-12-25,28.3245735812779
0.0183654884666314,2001-12-26,28.8495744025423
0.0777635980158773,2001-12-27,31.182556090046
0.020935913458747,2001-12-28,31.8422731790346
-0.0744404497071904,2001-12-29,29.5579960907211
-0.0132116017120486,2001-12-30,29.170055917275
-0.0112039705208884,2001-12-31,28.8450594955474
-0.00322284421170576,2002-01-01,28.7522460045626
-0.0388029457951986,2002-01-02,27.6579425613681
-0.00539289978726912,2002-01-03,27.5091875198531
0.0274702855835349,2002-01-04,28.2753479002487
0.0240979408041025,2002-01-05,28.9650018058639
0.02928582511836,2002-01-06,29.8258089851477
0.0553754538667627,2002-01-07,31.5240121489964
0.0286331120975663,2002-01-08,32.4396895095026
-0.0146245174253147,2002-01-09,31.9687268994048
-0.0295128872349997,2002-01-10,31.0390240557361
-0.0222873407939557,2002-01-11,30.3548987340987
-0.0281103496952381,2002-01-12,29.5134934197628
0.0323091832785075,2002-01-13,30.482621858744
-0.0535137461366483,2002-01-14,28.8942611700836
-0.0371749154287742,2002-01-15,27.8398398947097
-0.0244399595036376,2002-01-16,27.1676825412941
0.0286987622817606,2002-01-17,27.9586571121575
-0.00492483404329143,2002-01-18,27.8213038643956
0.0124499533862145,2002-01-19,28.1698429463223
0.085080200481491,2002-01-20,30.6714485481776
-0.00336787812626867,2002-01-21,30.5683245994314
0.0136598563562881,2002-01-22,30.9887484499364
0.061213952757743,2002-01-23,32.9449549894445
-0.008245035632864,2002-01-24,32.6744393994557
0.0140922391941098,2002-01-25,33.1381551374248
-0.00364132518763158,2002-01-26,33.0177077655625
0.00523407349468303,2002-01-27,33.1909779334613
0.0493942159916034,2002-01-28,34.8715847137559
-0.0058591349996951,2002-01-29,34.6678647853453
0.0583604041609201,2002-01-30,36.7512991168603
-0.0804528609256616,2002-01-31,33.9103648087767
0.0729510350972782,2002-02-01,36.4766288244086
-0.0224097686225652,2002-02-02,35.6682872151979
-0.00290681284814449,2002-02-03,35.5647567244288
0.0504650203469734,2002-02-04,37.405591111255
-0.024454929581466,2002-02-05,36.5019344793805
-0.00580241994017433,2002-02-06,36.2907482151171
-0.015898509853139,2002-02-07,35.7183416595373
0.0261439266181941,2002-02-08,36.6644732706619
-0.103744146572689,2002-02-09,33.0514060619661
-0.00103011373815599,2002-02-10,33.017376884487
-0.00962081707294122,2002-02-11,32.701245898868
0.008627776946875,2002-02-12,32.9846055786872
0.0476725797785166,2002-02-13,34.5951512439562
0.0234861101187322,2002-02-14,35.4172732094738
0.00910069938335735,2002-02-15,35.741066302952
-0.00609497352506165,2002-02-16,35.5238879704953
0.010911651008489,2002-02-17,35.9136347619147
0.00848398075373237,2002-02-18,36.2196215054976
-0.0117008744428714,2002-02-19,35.798290042215
0.0106118698600442,2002-02-20,36.1801996408814
-0.00683617041804847,2002-02-21,35.9337091159355
0.0459392976303912,2002-02-22,37.6229834325025
-0.0505287605536979,2002-02-23,35.7691705508815
-0.00982665970294574,2002-02-24,35.4194004345486
-0.052508883840724,2002-02-25,33.6075525860566
0.01417209842721,2002-02-26,34.0872331406592
0.00287551644524425,2002-02-27,34.1853926020641
0.0167606781576782,2002-02-28,34.7631915903756
0.00289872206542321,2002-03-01,34.8641066125416
0.0396717675160503,2002-03-02,36.2750291976992
-0.00893778588344035,2002-03-03,35.9522553443129
0.0237633201451526,2002-03-04,36.8168322217328
0.0140210815854586,2002-03-05,37.3366799271681
-0.0252863589111287,2002-03-06,36.4044077958705
0.0085119267498834,2002-03-07,36.7156020006319
-0.0451051448581485,2002-03-08,35.0963326636614
0.00317164178895083,2002-03-09,35.2078223682203
-0.040279392991139,2002-03-10,33.8178541154805
0.0009787553311585,2002-03-11,33.8509697238799
0.011661997010522,2002-03-12,34.2480505087555
-0.0263325969667353,2002-03-13,33.3579807529115
-0.00355304938914697,2002-03-14,33.2396685088635
0.0299432634201082,2002-03-15,34.2500238377294
0.00431071019754283,2002-03-16,34.3979844432787
-0.0578804819812054,2002-03-17,32.4635359574781
-0.00722931908895723,2002-03-18,32.2296929784864
0.0293639850246551,2002-03-19,33.1901171317076
-0.0113631813798637,2002-03-20,32.8151065027838
-0.00952565902692305,2002-03-21,32.5040050628207
0.0247797661031093,2002-03-22,33.3195089751017
-0.0101536113850289,2002-03-23,32.9829073821582
0.0208569443727423,2002-03-24,33.678054165989
0.0428332350839689,2002-03-25,35.1519343704996
0.0430333081231998,2002-03-26,36.6976586764461
-0.045047662094592,2002-03-27,35.0811972006665
0.0105545769444688,2002-03-28,35.4534252953753
-0.043818718760253,2002-03-29,33.9334465821078
0.0282773199574964,2002-03-30,34.9066890019459
-0.0167105925618328,2002-03-31,34.3282242497448
0.0740457439069105,2002-04-01,36.9665564487668
-0.00350528823587477,2002-04-02,36.8372048530852
0.00540230236301676,2002-04-03,37.0367490857439
0.00438690270191094,2002-04-04,37.1995826066415
0.0166838694520877,2002-04-05,37.8254217791772
-0.0130661032142957,2002-04-06,37.3344057328832
0.029911757240089,2002-04-07,38.4680129865
0.00942618243035297,2002-04-08,38.8323338746443
-0.00413937963736058,2002-04-09,38.6719243295789
0.000906172495521546,2002-04-10,38.7069836462504
0.0257457023101235,2002-04-11,39.7164612194131
-0.00324705775536282,2002-04-12,39.5877087225158
0.000826501217152892,2002-04-13,39.6204415369514
0.0217502114322991,2002-04-14,40.4916344884108
0.0523443563249558,2002-04-15,42.66759587182
0.05075534770981,2002-04-16,44.8891043715605
-0.0572498707806025,2002-04-17,42.3913880758496
0.00502397761112774,2002-04-18,42.6048973442522
-0.0604246280240924,2002-04-19,40.1067472106788
-0.0272992418493392,2002-04-20,39.0266730971486
-0.0727564733462302,2002-04-21,36.2880637390401
-0.0391723423590843,2002-04-22,34.8940567922653
0.0338320617029115,2002-04-23,36.0947918166788
-0.0084941658298843,2002-04-24,35.7894951253703
0.0452405921069063,2002-04-25,37.4458170775496
-0.0355332727457362,2002-04-26,36.1386069126778
-0.0375152851068395,2002-04-27,34.8079723948552
0.0417865977069189,2002-04-28,36.2932963279767
-0.00337331628267053,2002-04-29,36.1710738240033
-0.0483626711380793,2002-04-30,34.4633714396264
-0.0054830492062382,2002-05-01,34.2749241831205
0.0617150924960352,2002-05-02,36.4568403920668
-0.0152205493554679,2002-05-03,35.9061487991153
-0.00950218620244796,2002-05-04,35.5665777759874
-0.0382804239426852,2002-05-05,34.2308042050402
0.0166591899932298,2002-05-06,34.8058381770389
0.0160898103279978,2002-05-07,35.3703870747138
-0.0299243715966297,2002-05-08,34.3276302022329
-0.0978496119273527,2002-05-09,31.1277891875619
-0.0399725565809936,2002-05-10,29.9080718840553
0.0048175157015181,2002-05-11,30.0525021080614
-0.00176373261415058,2002-05-12,29.9995442454395
-0.00106159325161564,2002-05-13,29.9677138301834
-0.0452638391086095,2002-05-14,28.6415012128305
-0.00535014708276692,2002-05-15,28.4886741568288
-0.0192101279592145,2002-05-16,27.9466261558018
-0.058499197382008,2002-05-17,26.3586708386714
-0.0208557873769265,2002-05-18,25.8146328935701
0.00421027102878177,2002-05-19,25.9235486160259
-0.00125781881857179,2002-05-20,25.8909619870664
0.0528112464892237,2002-05-21,27.2950453379238
-0.023941400343483,2002-05-22,26.6493243061051
-0.00443892477142153,2002-05-23,26.531292122103
-0.0313642948548221,2002-05-24,25.7120711529542
-0.0342626103579056,2002-05-25,24.8460296201083
-0.0453099107318515,2002-05-26,23.745381661339
0.0594454000067367,2002-05-27,25.1997344109449
-0.0276762905282078,2002-05-28,24.5118620254591
0.0421019262435232,2002-05-29,25.5658912727145
0.07443772654052,2002-05-30,27.5415787528628
0.046489216919663,2002-05-31,28.8521938788119
0.104138995870319,2002-06-01,32.0188576329401
-0.071076620986802,2002-06-02,29.8220606312868
-0.0993163846718189,2002-06-03,27.0025694043537
0.0209562150225243,2002-06-04,27.5744119551603
0.0526186904464544,2002-06-05,29.0641928446654
0.0579413389917082,2002-06-06,30.7979543036641
0.0149512949562504,2002-06-07,31.2618831286219
0.0692822097559296,2002-06-08,33.5045675319293
0.0476297831625023,2002-06-09,35.1389976168851
-0.00430231628102517,2002-06-10,34.9881432795666
-0.0259940915681772,2002-06-11,34.0903771376144
-0.0328548079523887,2002-06-12,32.98854371809
-0.0323001597470536,2002-06-13,31.9400331729228
0.0447155384546745,2002-06-14,33.4006619898697
-0.0176625318391154,2002-06-15,32.8159011148127
-0.0716247050652024,2002-06-16,30.5476720968324
0.0110692074850917,2002-06-17,30.8876890045348
0.0441746487125834,2002-06-18,32.2827276375232
0.00835334831117224,2002-06-19,32.5535259676459
-0.00401865462420515,2002-06-20,32.422967101184
0.0233471682351786,2002-06-21,33.1888574647304
-0.0209028705360628,2002-06-22,32.5023154210196
-0.0202597169231425,2002-06-23,31.8504532790594
-0.0278322706985024,2002-06-24,30.9762054274991
0.0189991913163373,2002-06-25,31.5703545850697
0.0350002612763316,2002-06-26,32.6948899644906
-0.039876479983399,2002-06-27,31.4167853543222
0.0367852314762221,2002-06-28,32.5939779870533
0.0302062202386349,2002-06-29,33.593539349778
-0.0370340215759941,2002-06-30,32.3721908016059
-0.0460377884119453,2002-07-01,30.9156323488536
0.00375340560261819,2002-07-02,31.0318892997796
0.0120309459638773,2002-07-03,31.407487151391
0.000645679264668209,2002-07-04,31.4277728629269
0.0185612642638536,2002-07-05,32.0165594681549
-0.016624830623847,2002-07-06,31.4886896211237
-0.00846453651990803,2002-07-07,31.2232773385358
0.00155053413103357,2002-07-08,31.2717276479543
0.000948927154435437,2002-07-09,31.3014163234529
-0.0251363818441035,2002-07-10,30.5244183404355
-0.0272747559443113,2002-07-11,29.7031235016485
-0.0360483748872549,2002-07-12,28.651443728111
-0.0108573477301847,2002-07-13,28.3420476901145
-0.0489780715602749,2002-07-14,26.9873547716361
-0.000475826075443142,2002-07-15,26.9745165391536
0.0168418424905282,2002-07-16,27.4326642948063
0.00791577647248043,2002-07-17,27.6506768644142
-0.0154311205071053,2002-07-18,27.227271151634
-0.0177072495069266,2002-07-19,26.7493944948782
0.0307821951730526,2002-07-20,27.5856037271993
-0.023162432624198,2002-07-21,26.9539970507534
-0.0166533255316292,2002-07-22,26.5088403214674
0.00255100501604307,2002-07-23,26.5765508343063
0.0398756189186708,2002-07-24,27.6577201381295
0.0140650184586238,2002-07-25,28.0494750441749
-0.00784427028150754,2002-07-26,27.8303081068449
0.0325408026193416,2002-07-27,28.7508246160302
-0.0412531265378918,2002-07-28,27.588894611182
-0.0632599264560624,2002-07-29,25.8976801743165
-0.00516380802436588,2002-07-30,25.7642942117654
0.0125677715947642,2002-07-31,26.0901372482811
-0.0208246542429286,2002-08-01,25.552437300404
0.0197932133593832,2002-08-02,26.0632406875567
0.00443596801730922,2002-08-03,26.1791132030508
0.00465534806519561,2002-08-04,26.3012702081196
0.00733833165489996,2002-08-05,26.4949875636291
0.00820942809787595,2002-08-06,26.7133915181628
0.0154831350790326,2002-08-07,27.1302171240251
0.029143322901917,2002-08-08,27.9325158432768
0.00921507624322356,2002-08-09,28.1911057393408
-0.033254464134258,2002-08-10,27.2690419641711
-0.0165774089548841,2002-08-11,26.820718193924
-0.00542702158432234,2002-08-12,26.6755558332942
-0.0220356884243704,2002-08-13,26.0941707320269
-0.0160454334358577,2002-08-14,25.6788196080677
-0.0396727540228235,2002-08-15,24.6800138032165
-0.00267753890974609,2002-08-16,24.6140204952169
-0.00242086524573996,2002-08-17,24.5545053365978
-0.028022886362683,2002-08-18,23.8759689015302
-0.025579349284968,2002-08-19,23.2729820369491
0.00521511962342925,2002-08-20,23.3946704562963
-0.00261513869902058,2002-08-21,23.3335700760415
0.0193593850842062,2002-08-22,23.7896945434802
-0.00474134344214003,2002-08-23,23.6771664093372
0.0132158434292951,2002-08-24,23.9921569818609
0.0240813063667768,2002-08-25,24.5769322816689
0.0222950705824835,2002-08-26,25.1310306001947
0.0130079612848678,2002-08-27,25.4600694962728
-0.00209275470934249,2002-08-28,25.406843529806
0.00306893551138236,2002-08-29,25.4849352621006
-0.00954512370964002,2002-08-30,25.2428356756689
-0.0439362321583832,2002-08-31,24.1577719375321
-0.0179774288992343,2002-09-01,23.7273577721822
0.00881206494117912,2002-09-02,23.937368745935
-0.0130884483099144,2002-09-03,23.6261071415789
-0.00956952528364109,2002-09-04,23.4010948594327
-0.00293192198144384,2002-09-05,23.332585156653
0.0273250240939153,2002-09-06,23.9789392117346
0.0131185246771032,2002-09-07,24.2955799058659
0.00253666342925582,2002-09-08,24.3572878479565
0.0649840770051168,2002-09-09,25.9926856517745
0.043605563608857,2002-09-10,27.1511863339441
0.0274806457775986,2002-09-11,27.907665124628
0.0149551167740488,2002-09-12,28.3281639830115
0.00309562084885476,2002-09-13,28.4159931107486
-0.0149112546316844,2002-09-14,27.9954184425586
-0.0166147686967657,2002-09-15,27.5341238040965
0.00384786112839231,2002-09-16,27.640275386086
-0.000104626896172468,2002-09-17,27.6373836211439
-0.00898353714629493,2002-09-18,27.3902140495651
-0.0341887775407206,2002-09-19,26.4696030679827
0.0237783432024552,2002-09-20,27.1065491241261
-0.0448651625605867,2002-09-21,25.9172870888851
-0.00952818393052415,2002-09-22,25.6715151500319
0.0411239308365685,2002-09-23,26.7492369615073
0.0154219293759965,2002-09-24,27.1649591847328
0.0275973501229256,2002-09-25,27.9250804988257
0.024714052053037,2002-09-26,28.6238211840635
-0.00167395664607421,2002-09-27,28.5759462298347
-0.0186446903266863,2002-09-28,28.0480926856675
0.0096712408521126,2002-09-29,28.3206684940559
-0.000443948360302424,2002-09-30,28.3080983701647
0.0130827392798224,2002-10-01,28.6808790196526
0.0321503855459703,2002-10-02,29.6179634340308
0.0204618659958321,2002-10-03,30.2302450826464
0.023008814661913,2002-10-04,30.9338709457962
-0.0301269849779467,2002-10-05,30.0158250938107
0.0178995722598938,2002-10-06,30.5579327980718
-0.0118903592739901,2002-10-07,30.1967396122726
0.0385251225203514,2002-10-08,31.3827720405165
-0.00273894943637912,2002-10-09,31.2969338216568
-0.00825761243095341,2002-10-10,31.0395599810788
0.0077458003744456,2002-10-11,31.2809197720365
-0.0202130787683044,2002-10-12,30.654983438295
-0.0132780426524705,2002-10-13,30.2506356748566
0.00650251061622749,2002-10-14,30.4479816813724
0.0484700146673114,2002-10-15,31.9601471021949
-0.0115803585286187,2002-10-16,31.5921718947977
-0.03832397405493,2002-10-17,30.4043409005922
0.0206214428302477,2002-10-18,31.037831575286
-0.00496295096298362,2002-10-19,30.8841739521982
0.00596020560290762,2002-10-20,31.0687996357922
-0.0252179409591123,2002-10-21,30.2951049758408
-0.0196991771691309,2002-10-22,29.7041560494247
0.0187360198964743,2002-10-23,30.2659400726064
-0.0133573022198007,2002-10-24,29.8643567696361
-0.0132098726755051,2002-10-25,29.4724466595343
-0.0362686877022483,2002-10-26,28.4226717469034
0.00816001321448622,2002-10-27,28.655549976467
-0.0177663293105735,2002-10-28,28.150941829178
0.00647052544251325,2002-10-29,28.333683795203
0.0471754597529446,2002-10-30,29.7023686971457
0.0447956028576534,2002-10-31,31.0631552933953
-0.0279499821426679,2002-11-01,30.2069616931535
0.00295711137026458,2002-11-02,30.296419245822
0.0259510965820739,2002-11-03,31.0929350761268
-0.0239497094278682,2002-11-04,30.3571148275379
-0.0287994206082491,2002-11-05,29.4953167165707
0.00424327374854753,2002-11-06,29.6207393327565
-0.0156671828169212,2002-11-07,29.1602822457733
0.0507459570561451,2002-11-08,30.6782380018956
-0.0618559536380042,2002-11-09,28.8381046197714
0.0154233820940086,2002-11-10,29.2863334430115
0.0182626558626963,2002-11-11,29.8260933954394
0.00222858045264117,2002-11-12,29.8926373659138
-0.00234655250662572,2002-11-13,29.822574957482
-0.0416836183170196,2002-11-14,28.6050145767483
0.0224016629833742,2002-11-15,29.2530458620138
0.0169452872917094,2002-11-16,29.7529708521648
0.0794731227231436,2002-11-17,32.2140312359185
-0.0513454849418794,2002-11-18,30.6017325110613
0.00877639713379635,2002-11-19,30.8714874754179
0.033145999139482,2002-11-20,31.9119012974315
-0.0372430026456035,2002-11-21,30.7452656252306
-0.0217787852847631,2002-11-22,30.082909918275
0.0212469096362921,2002-11-23,30.7289173151582
-0.00913926885346903,2002-11-24,30.4493569129602
-0.0261813060812147,2002-11-25,29.66249841741
0.0325997852985708,2002-11-26,30.6454240307359
0.0447255438826764,2002-11-27,32.0471705657556
-0.0345447757742337,2002-11-28,30.9590115587737
0.0212141106008412,2002-11-29,31.6227953516382
-0.0133648228372202,2002-11-30,31.2029739623613
-0.00461639590120091,2002-12-01,31.0592606552412
-0.00791653726054439,2002-12-02,30.8143495639476
-6.51775778067503e-05,2002-12-03,30.8123412247314
-0.0242839480007468,2002-12-04,30.073108010535
-0.0123698821208656,2002-12-05,29.7033985548439
0.0221386412625905,2002-12-06,30.36832456135
0.00316520965949785,2002-12-07,30.4645989595444
0.0214603192263286,2002-12-08,31.1254445952173
0.0372536015188712,2002-12-09,32.3068486540312
-0.00100330821940478,2002-12-10,32.2744511822761
-0.0230238337985595,2002-12-11,31.5398586012158
0.0121497560488931,2002-12-12,31.9253975484656
-0.000268895669501867,2002-12-13,31.9168141013953
0.0192658423674832,2002-12-14,32.5376799586958
0.0271340284318063,2002-12-15,33.4326453909475
0.0137291800843831,2002-12-16,33.8948135355623
-0.0262058755768256,2002-12-17,33.018107861662
-0.00234284366359469,2002-12-18,32.9408421429663
-0.024557930141117,2002-12-19,32.1417356049199
-0.00538182694304383,2002-12-20,31.9692189899268
0.0793353342085486,2002-12-21,34.608830543263
-0.00293433975274836,2002-12-22,34.5074253274429
-0.0243878018795601,2002-12-23,33.6760440619347
0.0388873354873272,2002-12-24,35.0114118558338
-0.023103621136869,2002-12-25,34.2117940619681
-0.00450706755151645,2002-12-26,34.0579461569569
-0.0486887701762753,2002-12-27,32.439428193517
0.0266061659448104,2002-12-28,33.31410125455
0.00341119381132989,2002-12-29,33.4279361566522
0.0543353219306469,2002-12-30,35.2945049326553
0.00239509709336416,2002-12-31,35.3791400129897
0.0178200402240908,2003-01-01,36.0152486184448
-0.02565015081641,2003-01-02,35.1031991675361
-0.0389766613762569,2003-01-03,33.7613146261084
-0.0209787056660585,2003-01-04,33.0604235428853
-0.021180773740583,2003-01-05,32.3675419793511
-0.0196529188258434,2003-01-06,31.7376353306748
0.0107322153143033,2003-01-07,32.0800848003815
0.00357592239657363,2003-01-08,32.1950060463716
0.00623161241369629,2003-01-09,32.3962592604511
0.00545155213256075,2003-01-10,32.5733514317219
-0.0258586110568714,2003-01-11,31.7418469150143
-0.0031350956862038,2003-01-12,31.642489017318
0.00130182710496418,2003-01-13,31.6837088919429
-0.0281502486230304,2003-01-14,30.8042413010886
-0.0337953029122517,2003-01-15,29.7805972412624
0.0355597950030056,2003-01-16,30.8586431229035
-0.00282972695504922,2003-01-17,30.7714450202586
-0.0380010324015084,2003-01-18,29.624037747008
-0.0319273548894516,2003-01-19,28.6931598878023
-0.00483187211160651,2003-01-20,28.5548526193513
-0.0206658852883317,2003-01-21,27.9707971091128
0.0397457210326717,2003-01-22,29.104905287644
-0.0177771661088696,2003-01-23,28.5920743973803
-0.00474085743363496,2003-01-24,28.4568442556247
0.0185801454585476,2003-01-25,28.9905190862484
0.0530589903806615,2003-01-26,30.5702660503808
-0.00762307774940857,2003-01-27,30.3381125218852
-0.0375425842904644,2003-01-28,29.2202562748907
-0.0104596101522352,2003-01-29,28.9162166257179
-0.0252282102834571,2003-01-30,28.195837379106
-0.0144796181184793,2003-01-31,27.7905139670647
-0.0171812489528954,2003-02-01,27.3171166519617
-0.0132307003291889,2003-02-02,26.958072508003
0.0181803940992789,2003-02-03,27.4526631942741
-0.0118699721797916,2003-02-04,27.1287272049256
-0.0670864406555859,2003-02-05,25.3684625391086
0.0155918606101663,2003-02-06,25.7671037742208
0.00166877343749116,2003-02-07,25.8101391307031
-0.0145048155226551,2003-02-08,25.4384698375236
-0.00555398141055567,2003-02-09,25.2975766701234
-0.0505474215021418,2003-02-10,24.0506298609708
-0.0061148811536294,2003-02-11,23.9040118504144
-0.0251156550378356,2003-02-12,23.3111234901708
-0.0435711377447829,2003-02-13,22.3172408472701
-0.000437284082652656,2003-02-14,22.30748400649
-0.00217288504638881,2003-02-15,22.2590650315536
0.0333699291777294,2003-02-16,23.0143807827912
-0.030001534890981,2003-02-17,22.3341687575038
-0.00105769419848476,2003-02-18,22.310558525185
0.0834682476784951,2003-02-19,24.2527082256401
0.119362956885604,2003-02-20,27.3274378643151
0.0592610702805187,2003-02-21,28.9958384429481
-0.0283952125516612,2003-02-22,28.1840750859731
-0.0225029373003033,2003-02-23,27.5569333413525
0.0740027099180225,2003-02-24,29.6735737734175
-0.0423856992201385,2003-02-25,28.4421209531953
-0.031669263058239,2003-02-26,27.5554934641601
0.0132501476091426,2003-02-27,27.9230374486777
0.0143219091717555,2003-02-28,28.3258261213302
0.0164722038409719,2003-03-01,28.7962789633001
-0.0581065416341327,2003-03-02,27.1707121638045
-0.0368502876981972,2003-03-03,26.1876872181612
0.0191426612157279,2003-03-04,26.6938181334035
-0.0731565097495186,2003-03-05,24.8107120711491
-0.0400121659567917,2003-03-06,23.8375801270751
-0.0293514672790397,2003-03-07,23.1480805856843
0.0328628760736431,2003-03-08,23.9214307463199
-0.0355015499598355,2003-03-09,23.0870808645061
0.0109184870160473,2003-03-10,23.3405380235621
-0.023943055879783,2003-03-11,22.7883313549987
-0.000516248543765698,2003-03-12,22.7765699482875
-0.0319583406277256,2003-03-13,22.0601769060834
0.0246653067038254,2003-03-14,22.6110639051602
0.00622191781842823,2003-03-15,22.752186658387
0.0148742223989931,2003-03-16,23.09313714344
0.0106335564466254,2003-03-17,23.3400095604724
0.00519845334115614,2003-03-18,23.4616574275853
-0.00613274385829083,2003-03-19,23.3182133944314
0.00239861824153822,2003-03-20,23.3742120192524
-0.000747717094334319,2003-03-21,23.356741253768
-0.0105797005457431,2003-03-22,23.1109364887232
-0.00295263137955803,2003-03-23,23.0427990543011
0.00455396068711643,2003-03-24,23.147974355644
-0.00971846614935295,2003-03-25,22.9241011644969
0.00779434407223271,2003-03-26,23.1034776494213
0.0275262569005404,2003-03-27,23.7482634684871
0.00241988063997262,2003-03-28,23.805801020414
0.0176173604444449,2003-03-29,24.2289125080337
0.0132395638872317,2003-03-30,24.551825640794
-0.0172357684451357,2003-03-31,24.1322820236234
-0.0365754213011568,2003-04-01,23.2655802507573
-0.00772762383728027,2003-04-02,23.0864854779779
-0.0172372403689905,2003-04-03,22.6919483132627
-0.00076827369068906,2003-04-04,22.6745213815669
0.0109191145547039,2003-04-05,22.9234637195747
-0.0403223242184959,2003-04-06,22.0175239255112
0.0189788702355549,2003-04-07,22.4393821890065
-0.00243876799456767,2003-04-08,22.3847244178078
0.0231994374156711,2003-04-09,22.9101081708969
0.00248644562891546,2003-04-10,22.9671437878118
0.0315839110458227,2003-04-11,23.7041129359828
0.00114931330342601,2003-04-12,23.7313720499566
-0.0240673481409703,2003-04-13,23.1670390957646
-0.0261676963564131,2003-04-14,22.568674111567
-0.00315468090453636,2003-04-15,22.4975893301608
-0.0253766204347028,2003-04-16,21.9338595749438
-0.0296100633133718,2003-04-17,21.2939177190388
0.0251218606567404,2003-04-18,21.8356365554213
-0.0554534018064414,2003-04-19,20.6577373167406
-0.0104787951167035,2003-04-20,20.4423993315688
0.0111979433677703,2003-04-21,20.6725986355081
0.00744456344852202,2003-04-22,20.827071385364
0.0187361507007708,2003-04-23,21.2209690738594
-0.0143862708102682,2003-04-24,20.9178639696189
0.0141090215309944,2003-04-25,21.2150863910006
0.0161561191651602,2003-04-26,21.5606236090854
0.013139306485637,2003-04-27,21.8457845567146
0.0159563918415062,2003-04-28,22.1971603448866
-0.0157739128032491,2003-04-29,21.8497713182097
-0.0120089264881968,2003-04-30,21.588948257673
-0.0279272319345287,2003-05-01,20.9943698013282
-0.0275471226283001,2003-05-02,20.4239284040139
-0.0160617351471033,2003-05-03,20.0985051027734
-0.00656185524414347,2003-05-04,19.9670533769333
0.017624442900765,2003-05-05,20.3220809608918
-0.0141415610118559,2003-05-06,20.0367175110688
-0.0501176866318455,2003-05-07,19.0572723487643
0.023069119450195,2003-05-08,19.5020170516408
-0.0158568565789528,2003-05-09,19.1952152488363
-0.000244765884556223,2003-05-10,19.1905174899456
0.0190986429026527,2003-05-11,19.5605526677536
0.0416808549306129,2003-05-12,20.3930829879638
-0.00505601346639138,2003-05-13,20.2902355039805
0.00985951543349394,2003-05-14,20.4912768506106
0.00453642497929104,2003-05-15,20.5844451565114
-0.010340468512721,2003-05-16,20.3726890649539
0.0294950529140934,2003-05-17,20.9825320719576
0.0118368142346262,2003-05-18,21.2323741563245
-0.0225241130017398,2003-05-19,20.7594795204971
-0.0225955793006649,2003-05-20,20.2956668463045
0.0301208891974168,2003-05-21,20.9162903221033
-0.0050279609223464,2003-05-22,20.8113879751714
-0.0184160854017036,2003-05-23,20.4316312261379
0.0337742328861091,2003-05-24,21.1334793736275
-0.00306697998000902,2003-05-25,21.0687627085678
0.022981990236167,2003-05-26,21.5585716410575
0.0693736836391634,2003-05-27,23.1072674684041
0.0105812237680486,2003-05-28,23.353068782138
0.0187651213352459,2003-05-29,23.7954294465351
0.0197710057921084,2003-05-30,24.2705705513859
0.0217989790201394,2003-05-31,24.805452974022
-0.0496256654656151,2003-06-01,23.604511087025
-0.00261360410751546,2003-06-02,23.5428987900407
-0.0155152577671405,2003-06-03,23.1804437096453
0.0172475103093741,2003-06-04,23.5837163793009
0.000900991139699647,2003-06-05,23.6049746741294
0.0317923814651262,2003-06-06,24.3674898955497
-0.0337385866894359,2003-06-07,23.5590792245674
-0.0255080682359562,2003-06-08,22.96573236224
0.0419625727232081,2003-06-09,23.9499390832738
-0.0144485663466704,2003-06-10,23.6063847102176
-0.0360363164173459,2003-06-11,22.7708429044893
-0.00288303680073076,2003-06-12,22.7052882700308
-0.028346460199256,2003-06-13,22.0707102312041
0.00781488088159633,2003-06-14,22.2438659169108
-0.0292105178889822,2003-06-15,21.6035091811839
-0.0124656537219782,2003-06-16,21.3358788755462
-0.0182479517836537,2003-06-17,20.9500735705092
-0.0270574507277725,2003-06-18,20.3908181196247
0.0278238070732489,2003-06-19,20.9661349459105
0.0355432421204794,2003-06-20,21.7247411567548
0.000320054375594682,2003-06-21,21.7316953680242
0.0200348869381676,2003-06-22,22.1714782170089
-0.00741120286282527,2003-06-23,22.00776828725
0.0242403424747824,2003-06-24,22.5477625088746
0.00619260603702143,2003-06-25,22.6878251478828
-0.0357023568644508,2003-06-26,21.8921053744045
0.00421967951386448,2003-06-27,21.9846782194769
0.00350931702085527,2003-06-28,22.0619649574656
0.013018001942349,2003-06-29,22.3510452012363
-0.0163074956085448,2003-06-30,21.9895114964083
-0.0403892979585456,2003-07-01,21.1190672075818
0.0173943673594996,2003-07-02,21.4896335612338
0.0221564096257487,2003-07-03,21.97108055827
-0.021589616924466,2003-07-04,21.5018171811568
0.0276719130202481,2003-07-05,22.105122403634
-0.0473623424854662,2003-07-06,21.0825782095564
-0.0260925922878054,2003-07-07,20.5395938329589
-0.00690707383414789,2003-07-08,20.3982141638121
0.0180215596407667,2003-07-09,20.7691542167404
0.0101124170271466,2003-07-10,20.980246091145
-0.0405271329715696,2003-07-11,20.1469759402897
0.082730992738386,2003-07-12,21.8846437549412
0.0557353829870034,2003-07-13,23.1390247548187
0.0219938187910811,2003-07-14,23.6535780261617
0.0233483756410787,2003-07-15,24.2123484580543
-0.0203223382926547,2003-07-16,23.7252630427604
0.0176934497706506,2003-07-17,24.148780486268
-0.0121087244986394,2003-07-18,23.8581327940483
-0.0156585966553858,2003-07-19,23.4874576160673
-0.0395409435545523,2003-07-20,22.5768629060112
0.027840160413036,2003-07-21,23.2142375296152
0.0183658057440187,2003-07-22,23.6445248990058
0.0398728949762633,2003-07-23,24.6063484762636
-0.0197105460924246,2003-07-24,24.1260925125221
-0.0351707724544033,2003-07-25,23.2923075790296
0.00345209026246922,2003-07-26,23.3728536734192
-0.0519227250149604,2003-07-27,22.1902393768357
-0.0820572095776013,2003-07-28,20.4420757786642
0.00356732617405157,2003-07-29,20.5151295564959
-0.00183983939085062,2003-07-30,20.4774197136939
0.0031471779669085,2003-07-31,20.5419673159546
0.0193462393854306,2003-08-01,20.9432462364141
0.0287021062233415,2003-08-02,21.5530712816984
-0.00104222218253348,2003-08-03,21.5306198944061
-0.0259208179105062,2003-08-04,20.979699614833
0.0238512101994434,2003-08-05,21.4861060364493
-0.00735516268011988,2003-08-06,21.3286519910819
0.0135906248051602,2003-08-07,21.620500406909
-0.0608175317969271,2003-08-08,20.3447811754041
0.0100400190921819,2003-08-09,20.5500720042781
0.00426526740261295,2003-08-10,20.6379107512241
0.035714965676123,2003-08-11,21.3883135671932
0.0452718207476109,2003-08-12,22.3788540779209
-0.00151034561300483,2003-08-13,22.3450797856876
0.0114093377016289,2003-08-14,22.6014822567387
-0.0500368546733325,2003-08-15,21.4984026287341
-0.0330034351997888,2003-08-16,20.8004620590049
0.0358326688699342,2003-08-17,21.5593127571689
0.0039339542588281,2003-08-18,21.6442931523047
-0.0160310019484457,2003-08-19,21.3000798602548
-0.0124528015730061,2003-08-20,21.0364788840162
0.00349743466782937,2003-08-21,21.1101814043013
0.00334866859345921,2003-08-22,21.1809908983676
0.0184290249194766,2003-08-23,21.5749549439897
-0.00751361068865491,2003-08-24,21.4134566094943
-0.0135800329972607,2003-08-25,21.1246267603477
0.0200758253225343,2003-08-26,21.5530067302009
-0.0143420905242775,2003-08-27,21.2460976761253
0.012013719452256,2003-08-28,21.5028817102837
-0.000438844184532989,2003-08-29,21.4934473659494
0.0127856769096856,2003-08-30,21.7700199558528
-0.00981982350040602,2003-08-31,21.5572884048814
0.0116632674796841,2003-09-01,21.8101887811833
-0.0343186627428769,2003-09-02,21.074390293518
-0.0274309640585681,2003-09-03,20.5041562416834
-0.00424059074004398,2003-09-04,20.4173906053921
-0.00531055196618121,2003-09-05,20.3092503878379
0.0167591911731878,2003-09-06,20.6524851323505
-0.0307062187260765,2003-09-07,20.027962835369
-0.0274236330504121,2003-09-08,19.4861860294188
0.00384464866863235,2003-09-09,19.5612477691431
0.00596623115673269,2003-09-10,19.6783035387122
-0.0491322204878722,2003-09-11,18.7348320016429
-0.0526799799737625,2003-09-12,17.7734271501784
-0.0233232753766494,2003-09-13,17.3636894013045
0.0183831998811897,2003-09-14,17.6858415959908
-0.0126090978927589,2003-09-15,17.4642391276278
-0.00596570885478075,2003-09-16,17.3603627179079
-0.00693463650884096,2003-09-17,17.2403913724105
0.0082609045398265,2003-09-18,17.3834024870644
-0.0117169310612457,2003-09-19,17.1809109647244
-0.00681051549307193,2003-09-20,17.0642976535358
-0.0104874733049613,2003-09-21,16.886271441711
0.0118242178608784,2003-09-22,17.0871235132976
-0.0406991162017028,2003-09-23,16.4056543481367
-0.026674088485842,2003-09-24,15.973833292252
0.0223129272885557,2003-09-25,16.334262433955
0.0232491834173627,2003-09-26,16.7184696432464
-0.000391751914777224,2003-09-27,16.7119214334721
-0.0359312796366414,2003-09-28,16.1221006748006
-0.0447285442693467,2003-09-29,15.4168720772737
-0.0096749332288694,2003-09-30,15.268434090999
0.0373365003164763,2003-10-01,15.8492798858287
0.03555476522158,2003-10-02,16.4229349664708
-0.0743512518027453,2003-10-03,15.2461586518173
0.00386629694557724,2003-10-04,15.305218927155
-0.0652064680662885,2003-10-05,14.3390618124887
-0.0537208712458937,2003-10-06,13.589080111934
-0.0535362210589337,2003-10-07,12.8807032097192
-0.053866911175007,2003-10-08,12.2052160449824
0.00925742015443947,2003-10-09,12.3187294680395
-0.015515475416162,2003-10-10,12.1290736287146
-0.0435944512029133,2003-10-11,11.6116731548047
0.0375252707007208,2003-10-12,12.0556830272196
0.0450936796579019,2003-10-13,12.6117617268865
0.0360534988369036,2003-10-14,13.0747559942554
-0.0832869223070948,2003-10-15,12.0299145328791
-0.0100789390824197,2003-10-16,11.9092747389669
-0.0406828426181812,2003-10-17,11.4344947704054
0.00470358915093748,2003-10-18,11.4884046214585
0.0398008278226335,2003-10-19,11.9548739928743
-0.0240372578741248,2003-10-20,11.6709377987677
-0.0152528437951856,2003-10-21,11.4942735487384
0.0430878614327533,2003-10-22,12.0003620539929
-0.0360164183121273,2003-10-23,11.5758427163084
0.0383633997156083,2003-10-24,12.0285597573678
-0.0911559913218057,2003-10-25,10.9805750870613
-0.105906483634135,2003-10-26,9.87712351285957
0.0695304985226405,2003-10-27,10.58832337415
0.0409333721934289,2003-10-28,11.0307320235902
-0.015798476209134,2003-10-29,10.8578326357538
-0.0569720214177683,2003-10-30,10.2565312730965
0.000187856300588645,2003-10-31,10.2584582081062
-0.00912972838473566,2003-11-01,10.1652275041014
0.00261957304369233,2003-11-02,10.1918909682527
0.0208245158466416,2003-11-03,10.4063574935911
0.0135561489416523,2003-11-04,10.5483881449819
0.0025325461474158,2003-11-05,10.5751362808878
0.0331591870953033,2003-11-06,10.9316778492056
0.0352452045538059,2003-11-07,11.323837346973
-0.00696000351433486,2003-11-08,11.2452970367116
-0.0192121045425241,2003-11-09,11.0313133348856
-0.00702277009181691,2003-11-10,10.9541143501674
0.0193105396139208,2003-11-11,11.1676997973087
0.00297645391186657,2003-11-12,11.200989459052
0.0227358879325732,2003-11-13,11.458570976716
-0.0279865608033541,2003-11-14,11.1423308608944
0.0264912302045775,2003-11-15,11.4414494292935
0.062090397567864,2003-11-16,12.1743718457422
-0.0233107938012619,2003-11-17,11.8938597559742
0.0308952574426132,2003-11-18,12.2670589731249
0.0584349120971961,2003-11-19,13.0052412540484
0.0457489570185708,2003-11-20,13.6140371879189
0.0538973124936156,2003-11-21,14.3679311422386
-0.0347402955878314,2003-11-22,13.8773556739109
0.0244204305714237,2003-11-23,14.2204184967481
-0.0298714330452164,2003-11-24,13.8019159716022
0.0116636574190103,2003-11-25,13.9638392644505
0.0308379518948298,2003-11-26,14.4011639094638
0.00947150951252696,2003-11-27,14.5382126752217
0.0150255959373732,2003-11-28,14.7583073706561
-0.0292475216546313,2003-11-29,14.332914621668
0.014560094117843,2003-11-30,14.5431298707226
-0.0235884342742552,2003-12-01,14.2040945836109
0.00564218297265973,2003-12-02,14.2844631982211
-0.0496953107091801,2003-12-03,13.5919423957912
-0.0361955513138813,2003-12-04,13.1087716135112
0.0245034929829491,2003-12-05,13.4339500402352
0.030663190351594,2003-12-06,13.852258366375
-0.00433920408429826,2003-12-07,13.7922808118279
-0.0258907433863491,2003-12-08,13.4397714644074
0.0124526728777084,2003-12-09,13.6081789273009
-0.0291626528329849,2003-12-10,13.2170590944378
0.0602452597862746,2003-12-11,14.0377988697055
-0.0213749551041033,2003-12-12,13.7409256777611
-0.0296959468178103,2003-12-13,13.3388750616987
0.0170531031128,2003-12-14,13.5682948736503
-0.0012766228220007,2003-12-15,13.5509843306271
-0.004192061780827,2003-12-16,13.4942966692276
0.0123017578014427,2003-12-17,13.6613255062903
-0.00660875356781442,2003-12-18,13.571338849946
-0.0078735707301272,2003-12-19,13.4649035165256
-0.0277373999769622,2003-12-20,13.0965542434951
0.015842682429456,2003-12-21,13.3056910631411
0.00656391169844265,2003-12-22,13.3933157099803
0.00783759730357001,2003-12-23,13.4986995637198
-0.0123356022703337,2003-12-24,13.3332077935907
0.0159793856300449,2003-12-25,13.5479756216874
0.0086700457080841,2003-12-26,13.6659478629476
-0.0251231613198228,2003-12-27,13.3268929491904
0.0011680696298162,2003-12-28,13.3424687831625
0.0284272755019947,2003-12-29,13.7272013601137
0.0252043286338249,2003-12-30,14.0775832765156
0.0147670460525173,2003-12-31,14.2870100991159
-0.0296326290103211,2004-01-01,13.869859586659
0.0257824946205864,2004-01-02,14.2321089464339
0.0078387379926007,2004-01-03,14.3441091160449
-0.0215257447566705,2004-01-04,14.0386409938583
0.0314109129914766,2004-01-05,14.4866061912579
-0.00395890221590538,2004-01-06,14.4293685078589
-0.0101233293019015,2004-01-07,14.2840321439631
-0.0207671753283652,2004-01-08,13.9904521091437
-0.0290215737678938,2004-01-09,13.590262327826
0.037937594593974,2004-01-10,14.1157490163892
-0.00404784345374669,2004-01-11,14.0587261617929
-0.000903820382172793,2004-01-12,14.0460253390363
-0.0057545442955625,2004-01-13,13.9654289841043
-0.0177063546537328,2004-01-14,13.7203284674806
-0.0159711476938968,2004-01-15,13.5029396703083
-0.0144461106403063,2004-01-16,13.3092769146064
0.00790727885807773,2004-01-17,13.4149342590939
-0.0266491765120603,2004-01-18,13.0621587737676
-0.0306250444995426,2004-01-19,12.6681929810379
0.0404691429446061,2004-01-20,13.1913789351177
-0.00804216734360354,2004-01-21,13.0857171027828
-0.0516705765885507,2004-01-22,12.4267419745462
0.0235968525277288,2004-01-23,12.7234610222054
-0.0108553159992237,2004-01-24,12.5860907798494
-0.0105763097584226,2004-01-25,12.453677839539
0.035737664672069,2004-01-26,12.9067915911075
0.00765850002307245,2004-01-27,13.0060177315161
0.0139506847875992,2004-01-28,13.1887321172939
0.0186736353979437,2004-01-29,13.4373275587069
-0.00592100165156577,2004-01-30,13.3580002005051
0.00533806702030995,2004-01-31,13.4294967577657
0.0513463025334523,2004-02-01,14.1370617361653
0.0377046907746889,2004-02-02,14.6802717066432
0.0601130570579586,2004-02-03,15.5898114499163
0.0474667303321142,2004-02-04,16.3476526631295
-0.0269703136978854,2004-02-05,15.9126438727342
-0.0189133199634707,2004-02-06,15.6145111743877
-0.0257323956176996,2004-02-07,15.2178379595788
-0.0202565943745045,2004-02-08,14.9126775784286
-0.00410988957767196,2004-02-09,14.8515138943616
0.00264371022332941,2004-02-10,14.8908289393708
0.0447033704358355,2004-02-11,15.5716022449962
0.0126191915692949,2004-02-12,15.7693483506114
-0.0223069954681144,2004-02-13,15.4214759870846
-0.00557094501201341,2004-02-14,15.3358026546441
-0.043134676400725,2004-02-15,14.6883617298007
0.00394033510725761,2004-02-16,14.7463529746295
-0.0359818370509228,2004-02-17,14.22518463021
-0.0326762092919101,2004-02-18,13.7678718343347
-0.0659503356211604,2004-02-19,12.889169876452
0.0155078183560105,2004-02-20,13.0906106984276
-0.0786443769297667,2004-02-21,12.1005493901667
-0.0575745141923537,2004-02-22,11.4235423172142
-0.0659299090573821,2004-02-23,10.6946801166265
-0.010291937695301,2004-02-24,10.5851756085765
-0.0153481817660371,2004-02-25,10.4239528125804
-0.0256909393407162,2004-02-26,10.1595624336236
0.0277502964539018,2004-02-27,10.4454415728738
0.00510246283293595,2004-02-28,10.4988752560348
-0.00689650242283731,2004-02-29,10.4267188368446
-0.0156642684175839,2004-03-01,10.2646644594861
0.0227487535682416,2004-03-02,10.5008490487582
0.00295751902636389,2004-03-03,10.531951479958
0.00812714084388552,2004-03-04,10.617894897075
-0.0361244373291703,2004-03-05,10.2411747859556
0.0617834200539448,2004-03-06,10.8938646898911
0.000707925652357878,2004-03-07,10.9015794665803
-0.0296409569204254,2004-03-08,10.5831882403966
0.0173346811528089,2004-03-09,10.7682437392191
-0.0336479311116202,2004-03-10,10.4119426291703
0.024312572576436,2004-03-11,10.6681860868076
0.0572008950684282,2004-03-12,11.2962063113836
0.0177311374969714,2004-03-13,11.4982871660177
0.0033430094488658,2004-03-14,11.5367903710903
0.0334432907438534,2004-03-15,11.9291428158416
-0.00488322746794875,2004-03-16,11.8710320973777
-0.00563816206972492,2004-03-17,11.8042896237251
-0.0112556565254356,2004-03-18,11.6721695381977
0.0243044387901642,2004-03-19,11.9593305767288
0.0187716627659764,2004-03-20,12.1859474303219
0.00956267339782848,2004-03-21,12.3030366161983
0.00182303881598515,2004-03-22,12.3254859863232
-0.025500554169493,2004-03-23,12.0151529126634
-0.0105519779644899,2004-03-24,11.88903584634
-0.0127827797213683,2004-03-25,11.7380281254424
-0.0248094432650426,2004-03-26,11.450396920783
-0.00778078963458522,2004-03-27,11.3616495013459
0.00334846228721201,2004-03-28,11.3997573219157
0.0195887615377288,2004-03-29,11.6252659561526
0.0241325170525635,2004-03-30,11.9092254326803
-0.0164191552860383,2004-03-31,11.7152825571071
0.00368688520322554,2004-04-01,11.7585551805986
0.024007261326041,2004-04-02,12.0442616808633
0.0157263171041228,2004-04-03,12.2351707732306
0.0139466641908059,2004-04-04,12.4070060706265
-0.0151158591576967,2004-04-05,12.2208738327276
0.0389827341294549,2004-04-06,12.7066845018191
-0.0163456905400776,2004-04-07,12.5006732540612
0.0108465162030877,2004-04-08,12.6370000076995
0.0188328502053307,2004-04-09,12.8772458925195
-0.0340306052545629,2004-04-10,12.4463980069111
-0.00152135280021371,2004-04-11,12.4274770408325
-0.0114303732342252,2004-04-12,12.2862351017447
-0.041065680307626,2004-04-13,11.7919118262103
-0.0145213026760978,2004-04-14,11.6219151790662
-0.0174871631383862,2004-04-15,11.4204475351828
0.014365233463243,2004-04-16,11.5856889544725
-0.0270496286639436,2004-04-17,11.2765009330776
0.0505600696971613,2004-04-18,11.8613007943779
-0.00395545139157447,2004-04-19,11.814476661984
-0.00469413161950652,2004-04-20,11.7591479153234
-0.0357352158266207,2004-04-21,11.346351832825
-0.0635629350734552,2004-04-22,10.6475874158027
0.000902737344524196,2004-04-23,10.6572037304422
0.0352710017013887,2004-04-24,11.0398016236063
0.0108181108501512,2004-04-25,11.1598797595518
0.00153460348706154,2004-04-26,11.1770188974728
0.003106896744339,2004-04-27,11.2117987418125
0.0186649742212634,2004-04-28,11.4230318743526
-0.0491667165196562,2004-04-29,10.8749822043785
-0.0148746898184984,2004-04-30,10.7144173539686
0.0120939605235705,2004-05-01,10.8447838289935
0.00444923029430225,2004-05-02,10.8931422688846
0.00332642759614862,2004-05-03,10.929437851783
0.0148999724058877,2004-05-04,11.093505440091
-0.00647183187109953,2004-05-05,11.0219419612072
0.00960572294026206,2004-05-06,11.1283258108415
0.0106078187590089,2004-05-07,11.2470014058989
-0.000901559885190041,2004-05-08,11.2368661300682
0.00693906638052595,2004-05-09,11.3151106480459
-0.0169992808116885,2004-05-10,11.1243875750982
-0.0415078162806551,2004-05-11,10.6720904098715
0.015035220391659,2004-05-12,10.8337599643704
-0.0461712491707542,2004-05-13,10.344923662979
0.00501986596577568,2004-05-14,10.3969843527123
-0.0260253821598043,2004-05-15,10.129889559222
0.0076150118779522,2004-05-16,10.2073232435632
-0.0225670818323033,2004-05-17,9.97955346064011
-0.0214972355950501,2004-05-18,9.76731014467091
0.0171322765929062,2004-05-19,9.93608805030348
0.00264588744107213,2004-05-20,9.96241263147093
0.00616129432985093,2004-05-21,10.0239834711847
-0.00238224254420471,2004-05-22,10.0001323321761
-0.00656515661380788,2004-05-23,9.9346949356709
-0.0189410663156894,2004-05-24,9.74829212690073
0.0242429047102919,2004-05-25,9.98750695941723
-0.00168512092008293,2004-05-26,9.97069097496331
-0.00919957574368122,2004-05-27,9.87938547798772
0.0244556291601938,2004-05-28,10.1239706173441
0.0223492949670635,2004-05-29,10.3527815807604
-0.030543105325528,2004-05-30,10.0413556499389
-0.0329811722652597,2004-05-31,9.71558170253621
-0.0169530730026679,2004-06-01,9.55226104181382
0.028135343369369,2004-06-02,9.82483366797961
-0.0103917076969766,2004-06-03,9.72326551561259
-0.0653842114138915,2004-06-04,9.10785573799976
0.0405261789853949,2004-06-05,9.48454363671218
-0.0292879229135999,2004-06-06,9.2107894674921
-0.0200976852899751,2004-06-07,9.02752171699333
0.0243722194907553,2004-06-08,9.2502455702401
-0.0143206169222005,2004-06-09,9.11872035585679
0.0290617831319906,2004-06-10,9.38761498279893
-0.00474993030106927,2004-06-11,9.34313019938587
-0.0121692663796448,2004-06-12,9.23012017833891
-0.0241939136425314,2004-06-13,9.00948719758001
0.0209400161735898,2004-06-14,9.20013512425482
0.00950503577634742,2004-06-15,9.28799965399316
0.00959835173983921,2004-06-16,9.37757835785857
0.0250617595841359,2004-06-17,9.61556671927916
0.00434809716256691,2004-06-18,9.65746716523887
0.00447736960978996,2004-06-19,9.70080416070785
-0.03396020591174,2004-06-20,9.37689401133268
-0.0119943935734411,2004-06-21,9.26509567103509
-0.000521539529532594,2004-06-22,9.26026481724785
-0.027330835399376,2004-06-23,9.01060134029864
-0.0379543276161372,2004-06-24,8.6750187152541
-0.0242454531196578,2004-06-25,8.46721824336823
-0.00302581934185591,2004-06-26,8.44163669272892
0.0128553806613788,2004-06-27,8.55085768034675
0.0442521993081224,2004-06-28,8.93774920507378
0.0145051029673169,2004-06-29,9.06833698255941
0.0338580076044395,2004-06-30,9.38062977811536
0.0102258738842958,2004-07-01,9.47704705043249
-0.0715089233305028,2004-07-02,8.82301679549784
-0.107089768054386,2004-07-03,7.92699548107798
0.0615949503957693,2004-07-04,8.43060919210147
0.0449116224326299,2004-07-05,8.81787275435982
-0.015481061186847,2004-07-06,8.68241395505583
-0.0401309971880895,2004-07-07,8.34087893111126
-0.00607965921406316,2004-07-08,8.29032306659957
0.0410208950062337,2004-07-09,8.63747102071429
-0.0563793790855951,2004-07-10,8.16396905850011
-0.0482832159496158,2004-07-11,7.77915125458474
0.0165942034459087,2004-07-12,7.9093170853379
0.021858159776621,2004-07-13,8.08410349752214
0.0159495150001828,2004-07-14,8.21407476159322
-0.00307010645526825,2004-07-15,8.18889534915941
0.0038795980309918,2004-07-16,8.22072667788696
0.109453081320826,2004-07-17,9.1715994227645
0.00083523213133088,2004-07-18,9.17926303730113
-0.0152199995035022,2004-07-19,9.04061246575071
-0.018005389131788,2004-07-20,8.87928942072323
0.0441116616730749,2004-07-21,9.27973690170229
-0.0041451792953025,2004-07-22,9.24135034298049
-0.0219300681806664,2004-07-23,9.04089295569407
-0.0316491788851329,2004-07-24,8.75923672169475
0.0127277112423418,2004-07-25,8.87143425166117
0.048658451644498,2004-07-26,9.3137791420846
-0.00169683636445764,2004-07-27,9.29798858373135
-0.0174156515739008,2004-07-28,9.13745996685465
0.0140784625628849,2004-07-29,9.2670111559202
0.0161430994758035,2004-07-30,9.41782345268614
0.0300210485776493,2004-07-31,9.70484314778896
-0.01634127414981,2004-08-01,9.5475423931224
-0.0181039893902289,2004-08-02,9.37624901219816
-0.0445157730548002,2004-08-03,8.96801194650999
0.0168762347711582,2004-08-04,9.12064251368451
0.00211857961791736,2004-08-05,9.13998580393154
0.0413163067558946,2004-08-06,9.52552596623441
0.027076708624164,2004-08-07,9.78696939826051
0.0303152849271439,2004-08-08,10.0882071484033
-0.0345266325977127,2004-08-09,9.745839733929
0.00949874971065131,2004-08-10,9.83885408695086
-0.0316214072993376,2004-08-11,9.53260323425212
-0.0161792963126053,2004-08-12,9.3796133932068
0.0176612906603242,2004-08-13,9.54674097180033
-0.0512039980729483,2004-08-14,9.07021382371632
0.00228884324527622,2004-08-15,9.09099789803036
-0.0126543065982026,2004-08-16,8.97668244022556
-0.00205857417637038,2004-08-17,8.95822228088738
-0.0253703889565759,2004-08-18,8.73380747970251
0.0143050216515571,2004-08-19,8.85964267657247
-0.0297580687570891,2004-08-20,8.59988099255457
0.0122384468410575,2004-08-21,8.70577685762918
0.0102615763129363,2004-08-22,8.79557178200293
-0.0120350399391664,2004-08-23,8.69035116153261
-0.00164250161392346,2004-08-24,8.67608896177368
-0.0241649972819127,2004-08-25,8.46894420190795
-0.0320407159730543,2004-08-26,8.20189424790551
0.00526785757547886,2004-08-27,8.24521466135713
0.00768939438067423,2004-08-28,8.30885975114568
0.00821466231818717,2004-08-29,8.37739534121321
-0.00130849278532667,2004-08-30,8.36644074841522
0.00874135517413752,2004-08-31,8.43989535722335
0.025566174917717,2004-09-01,8.65845313690819
-0.00359200046145896,2004-09-02,8.62740776012891
-0.00360906926432058,2004-09-03,8.59632696805335
-0.0236202467054741,2004-09-04,8.39565884912157
0.0207563150891487,2004-09-05,8.57174289581956
0.0540618106641413,2004-09-06,9.04790187971035
-0.0197743327713961,2004-09-07,8.87074302883936
0.0278102924884846,2004-09-08,9.12090338045056
0.0191898591683561,2004-09-09,9.2976224154644
-0.00739133873923934,2004-09-10,9.22915388747728
0.00954820706977476,2004-09-11,9.31769780500486
0.0525974026814933,2004-09-12,9.82090212498452
0.0301471212565927,2004-09-13,10.1214820978362
0.033495364844665,2004-09-14,10.4662466068395
-0.00926666951911196,2004-09-15,10.3697073479595
0.00311280560761244,2004-09-16,10.4020365222544
0.024925285923997,2004-09-17,10.6645685073662
0.011845652705942,2004-09-18,10.7916484687278
-0.0120807547409389,2004-09-19,10.6620615403158
-0.0132445966201722,2004-09-20,10.5217778869748
-0.0248331236994472,2004-09-21,10.2637068918608
0.0318312758927752,2004-09-22,10.5956691395247
0.00903493072728809,2004-09-23,10.6918340436726
0.00422196105461426,2004-09-24,10.7370699755848
0.0293265080558037,2004-09-25,11.0566133895142
0.00762325962104699,2004-09-26,11.1412229143491
-0.018525386436457,2004-09-27,10.9367274813113
0.00162381139157475,2004-09-28,10.9545010905712
0.000264362944329446,2004-09-29,10.9573974375597
0.0176458798498226,2004-09-30,11.1524663760955
0.00508048905366288,2004-10-01,11.2092705337084
-0.00680895373068703,2004-10-02,11.1332063818077
0.0736116935402515,2004-10-03,11.9836581634719
-0.0224781326225843,2004-10-04,11.7172928190995
0.00972498090941246,2004-10-05,11.8317991515699
0.000155132153146098,2004-10-06,11.8336347864272
0.00346655984130605,2004-10-07,11.8747279744005
0.033318516809579,2004-10-08,12.2770413226137
0.0039705824982703,2004-10-09,12.3258852332373
-0.0352314204687529,2004-10-10,11.8991875071748
-0.0142061172466332,2004-10-11,11.7313412985645
0.0421962357673687,2004-10-12,12.2369521607134
-0.0336239470957502,2004-10-13,11.8323380106961
-0.00311729307179082,2004-10-14,11.7955105761681
-0.0404396121433773,2004-10-15,11.3280209606366
0.0133969458076808,2004-10-16,11.480802964589
