"Return","Date","Price","VaR_spec1_norm","ES_spec1_norm","mu_spec1_norm","sigma_spec1_norm","skew_spec1_norm","shape_spec1_norm","dist_spec1_norm","Exceeded_VaR_spec1_norm","u_spec1_norm","CumVio_spec1_norm"
-0.0331316765142616,2000-01-02,96.7411165871656,NA,NA,NA,NA,NA,NA,NA,NA,NA,NA
0.0361034337512464,2000-01-03,100.297617728487,NA,NA,NA,NA,NA,NA,NA,NA,NA,NA
-0.0176016971225965,2000-01-04,98.5476557701264,NA,NA,NA,NA,NA,NA,NA,NA,NA,NA
-0.00386938470742948,2000-01-05,98.1670737618815,NA,NA,NA,NA,NA,NA,NA,NA,NA,NA
0.0311203090874029,2000-01-06,101.270096524358,NA,NA,NA,NA,NA,NA,NA,NA,NA,NA
0.00733243146368886,2000-01-07,102.015381603167,NA,NA,NA,NA,NA,NA,NA,NA,NA,NA
-0.0161179224826731,2000-01-08,100.38428583935,NA,NA,NA,NA,NA,NA,NA,NA,NA,NA
-0.00467347877811791,2000-01-09,99.9162365708889,NA,NA,NA,NA,NA,NA,NA,NA,NA,NA
-0.0198699164514109,2000-01-10,97.9505034489539,NA,NA,NA,NA,NA,NA,NA,NA,NA,NA
-0.00959251382335381,2000-01-11,97.0154040379846,NA,NA,NA,NA,NA,NA,NA,NA,NA,NA
-0.0421046903833595,2000-01-12,93.0154008543337,NA,NA,NA,NA,NA,NA,NA,NA,NA,NA
-0.00841605829654996,2000-01-13,92.2358627386006,NA,NA,NA,NA,NA,NA,NA,NA,NA,NA
-0.023059393663199,2000-01-14,90.1332948073605,NA,NA,NA,NA,NA,NA,NA,NA,NA,NA
0.0195219024517451,2000-01-15,91.9101556174751,NA,NA,NA,NA,NA,NA,NA,NA,NA,NA
-0.0015377443124076,2000-01-16,91.7689299107647,NA,NA,NA,NA,NA,NA,NA,NA,NA,NA
0.00776459856910615,2000-01-17,92.4842523144591,NA,NA,NA,NA,NA,NA,NA,NA,NA,NA
-0.000568306883774186,2000-01-18,92.4317078093443,NA,NA,NA,NA,NA,NA,NA,NA,NA,NA
0.00549888082614256,2000-01-19,92.941378780839,NA,NA,NA,NA,NA,NA,NA,NA,NA,NA
-0.0144491459864062,2000-01-20,91.6081107194053,NA,NA,NA,NA,NA,NA,NA,NA,NA,NA
-0.00768939313980794,2000-01-21,90.9064012587262,NA,NA,NA,NA,NA,NA,NA,NA,NA,NA
-0.00151442108192916,2000-01-22,90.7688348811809,NA,NA,NA,NA,NA,NA,NA,NA,NA,NA
0.0284104101194276,2000-01-23,93.384596191433,NA,NA,NA,NA,NA,NA,NA,NA,NA,NA
-0.0175419061042906,2000-01-24,91.7607368086126,NA,NA,NA,NA,NA,NA,NA,NA,NA,NA
0.0245186146982552,2000-01-25,94.0383913233584,NA,NA,NA,NA,NA,NA,NA,NA,NA,NA
-0.042075668155376,2000-01-26,90.1637488709289,NA,NA,NA,NA,NA,NA,NA,NA,NA,NA
-0.00390219071014445,2000-01-27,89.8125983015212,NA,NA,NA,NA,NA,NA,NA,NA,NA,NA
0.0217741878856248,2000-01-28,91.7896408275932,NA,NA,NA,NA,NA,NA,NA,NA,NA,NA
-0.0306830754459529,2000-01-29,89.0160215367375,NA,NA,NA,NA,NA,NA,NA,NA,NA,NA
-0.00186340923728162,2000-01-30,88.8503027088893,NA,NA,NA,NA,NA,NA,NA,NA,NA,NA
0.00939369655914037,2000-01-31,89.688867939035,NA,NA,NA,NA,NA,NA,NA,NA,NA,NA
0.0266647336598594,2000-02-01,92.1125677659284,NA,NA,NA,NA,NA,NA,NA,NA,NA,NA
0.0170194722084697,2000-02-02,93.6936918358178,NA,NA,NA,NA,NA,NA,NA,NA,NA,NA
-0.0217150575728357,2000-02-03,91.6810592262877,NA,NA,NA,NA,NA,NA,NA,NA,NA,NA
-0.0600748194094391,2000-02-04,86.3355101672136,NA,NA,NA,NA,NA,NA,NA,NA,NA,NA
2.35768329214924e-05,2000-02-05,86.3375457091078,NA,NA,NA,NA,NA,NA,NA,NA,NA,NA
0.0301466271717219,2000-02-06,88.979961349975,NA,NA,NA,NA,NA,NA,NA,NA,NA,NA
-0.0359446185246406,2000-02-07,85.8384097568962,NA,NA,NA,NA,NA,NA,NA,NA,NA,NA
0.0154381557243096,2000-02-08,87.1738785573452,NA,NA,NA,NA,NA,NA,NA,NA,NA,NA
-0.0335007720077778,2000-02-09,84.3018623082521,NA,NA,NA,NA,NA,NA,NA,NA,NA,NA
0.0263782326490409,2000-02-10,86.5551851259782,NA,NA,NA,NA,NA,NA,NA,NA,NA,NA
0.00374288036241819,2000-02-11,86.8797578682076,NA,NA,NA,NA,NA,NA,NA,NA,NA,NA
0.000823675303937106,2000-02-12,86.9513480586641,NA,NA,NA,NA,NA,NA,NA,NA,NA,NA
0.00296562909688804,2000-02-13,87.2095962513844,NA,NA,NA,NA,NA,NA,NA,NA,NA,NA
0.0245762233924495,2000-02-14,89.37943275177,NA,NA,NA,NA,NA,NA,NA,NA,NA,NA
-0.0130334744224561,2000-02-15,88.2220668342211,NA,NA,NA,NA,NA,NA,NA,NA,NA,NA
-0.0539534826407777,2000-02-16,83.588306837549,NA,NA,NA,NA,NA,NA,NA,NA,NA,NA
0.0416898976957015,2000-02-17,87.1467550888403,NA,NA,NA,NA,NA,NA,NA,NA,NA,NA
-0.00260342878205473,2000-02-18,86.9201697956961,NA,NA,NA,NA,NA,NA,NA,NA,NA,NA
0.0245595407357082,2000-02-19,89.0813190354824,NA,NA,NA,NA,NA,NA,NA,NA,NA,NA
-0.0136336141275108,2000-02-20,87.8750602238032,NA,NA,NA,NA,NA,NA,NA,NA,NA,NA
-0.0260071218448142,2000-02-21,85.6191449090991,NA,NA,NA,NA,NA,NA,NA,NA,NA,NA
-0.00519227216743085,2000-02-22,85.1757391438682,NA,NA,NA,NA,NA,NA,NA,NA,NA,NA
-0.00185969510195813,2000-02-23,85.0174854364086,NA,NA,NA,NA,NA,NA,NA,NA,NA,NA
-0.00805020568600731,2000-02-24,84.3358246278912,NA,NA,NA,NA,NA,NA,NA,NA,NA,NA
-0.00535174076349347,2000-02-25,83.8856867424137,NA,NA,NA,NA,NA,NA,NA,NA,NA,NA
0.0280464972017755,2000-02-26,86.2716895295236,NA,NA,NA,NA,NA,NA,NA,NA,NA,NA
0.027439112260564,2000-02-27,88.6716843888534,NA,NA,NA,NA,NA,NA,NA,NA,NA,NA
0.02665502712902,2000-02-28,91.0670124897673,NA,NA,NA,NA,NA,NA,NA,NA,NA,NA
-0.0212372926497279,2000-02-29,89.1533877228448,NA,NA,NA,NA,NA,NA,NA,NA,NA,NA
-0.0175696266421225,2000-03-01,87.6006762096931,NA,NA,NA,NA,NA,NA,NA,NA,NA,NA
-0.0269343652553003,2000-03-02,85.272699622038,NA,NA,NA,NA,NA,NA,NA,NA,NA,NA
-0.0282089605238204,2000-03-03,82.9008563018105,NA,NA,NA,NA,NA,NA,NA,NA,NA,NA
-0.0405148301212593,2000-03-04,79.6092714285693,NA,NA,NA,NA,NA,NA,NA,NA,NA,NA
0.0606682506448041,2000-03-05,84.5885413113009,NA,NA,NA,NA,NA,NA,NA,NA,NA,NA
0.00862496903646781,2000-03-06,85.3212702006337,NA,NA,NA,NA,NA,NA,NA,NA,NA,NA
0.0162699715998403,2000-03-07,86.7207991190019,NA,NA,NA,NA,NA,NA,NA,NA,NA,NA
0.0165305561232717,2000-03-08,88.1662563465714,NA,NA,NA,NA,NA,NA,NA,NA,NA,NA
-0.00929855366478064,2000-03-09,87.3502374578426,NA,NA,NA,NA,NA,NA,NA,NA,NA,NA
0.0403987915620094,2000-03-10,90.9513316667603,NA,NA,NA,NA,NA,NA,NA,NA,NA,NA
0.037716261519147,2000-03-11,94.4471867706457,NA,NA,NA,NA,NA,NA,NA,NA,NA,NA
-0.00199828913200558,2000-03-12,94.2586424295678,NA,NA,NA,NA,NA,NA,NA,NA,NA,NA
-0.0222662490476516,2000-03-13,92.1830496090888,NA,NA,NA,NA,NA,NA,NA,NA,NA,NA
-0.0421311594869795,2000-03-14,88.3799479223156,NA,NA,NA,NA,NA,NA,NA,NA,NA,NA
-0.0389297442010899,2000-03-15,85.0054495045894,NA,NA,NA,NA,NA,NA,NA,NA,NA,NA
-0.0420923306577496,2000-03-16,81.501631267299,NA,NA,NA,NA,NA,NA,NA,NA,NA,NA
-0.0487281733955562,2000-03-17,77.6254131172345,NA,NA,NA,NA,NA,NA,NA,NA,NA,NA
0.00141558360748835,2000-03-18,77.7353761921682,NA,NA,NA,NA,NA,NA,NA,NA,NA,NA
-0.0289552814646364,2000-03-19,75.5168012298177,NA,NA,NA,NA,NA,NA,NA,NA,NA,NA
-0.00229864043888935,2000-03-20,75.3434146097877,NA,NA,NA,NA,NA,NA,NA,NA,NA,NA
0.0420941194968817,2000-03-21,78.5826269160358,NA,NA,NA,NA,NA,NA,NA,NA,NA,NA
-0.00424972419092895,2000-03-22,78.249381028538,NA,NA,NA,NA,NA,NA,NA,NA,NA,NA
-0.0360058754030053,2000-03-23,75.4820623914026,NA,NA,NA,NA,NA,NA,NA,NA,NA,NA
-0.0165270487211639,2000-03-24,74.2448188229953,NA,NA,NA,NA,NA,NA,NA,NA,NA,NA
0.00406511821617695,2000-03-25,74.5472470752746,NA,NA,NA,NA,NA,NA,NA,NA,NA,NA
-0.00374614065748484,2000-03-26,74.2685050315326,NA,NA,NA,NA,NA,NA,NA,NA,NA,NA
-0.0040437414432122,2000-03-27,73.9687887957025,NA,NA,NA,NA,NA,NA,NA,NA,NA,NA
0.046670627639032,2000-03-28,77.5027840423278,NA,NA,NA,NA,NA,NA,NA,NA,NA,NA
0.0167776059291844,2000-03-29,78.8140645260079,NA,NA,NA,NA,NA,NA,NA,NA,NA,NA
0.0281284478862817,2000-03-30,81.0624554626288,NA,NA,NA,NA,NA,NA,NA,NA,NA,NA
0.0365336701614921,2000-03-31,84.07872672307,NA,NA,NA,NA,NA,NA,NA,NA,NA,NA
0.00360931647694923,2000-04-01,84.3827417700138,NA,NA,NA,NA,NA,NA,NA,NA,NA,NA
0.0216249283993462,2000-04-02,86.2273857814286,NA,NA,NA,NA,NA,NA,NA,NA,NA,NA
-0.00123935332269944,2000-04-03,86.1205857794916,NA,NA,NA,NA,NA,NA,NA,NA,NA,NA
0.0564856764536001,2000-04-04,91.1251786503936,NA,NA,NA,NA,NA,NA,NA,NA,NA,NA
-0.00703982635245498,2000-04-05,90.4859259703561,NA,NA,NA,NA,NA,NA,NA,NA,NA,NA
-0.0335855067827288,2000-04-06,87.4973771678615,NA,NA,NA,NA,NA,NA,NA,NA,NA,NA
0.0018301135681971,2000-04-07,87.657653922595,NA,NA,NA,NA,NA,NA,NA,NA,NA,NA
0.0185133090995339,2000-04-08,89.2956023043187,NA,NA,NA,NA,NA,NA,NA,NA,NA,NA
0.0130493114127803,2000-04-09,90.4684844350741,NA,NA,NA,NA,NA,NA,NA,NA,NA,NA
0.028951647856904,2000-04-10,93.1259799527845,NA,NA,NA,NA,NA,NA,NA,NA,NA,NA
-0.00398425385052139,2000-04-11,92.7556805817742,NA,NA,NA,NA,NA,NA,NA,NA,NA,NA
0.00697593257021557,2000-04-12,93.4050001265121,NA,NA,NA,NA,NA,NA,NA,NA,NA,NA
-0.020207121966863,2000-04-13,91.5364960215578,NA,NA,NA,NA,NA,NA,NA,NA,NA,NA
0.0454878834316935,2000-04-14,95.7964511389263,NA,NA,NA,NA,NA,NA,NA,NA,NA,NA
-0.00982521875789641,2000-04-15,94.8598387954771,NA,NA,NA,NA,NA,NA,NA,NA,NA,NA
0.0159707883011985,2000-04-16,96.3869876243063,NA,NA,NA,NA,NA,NA,NA,NA,NA,NA
0.0180163885129644,2000-04-17,98.1392705483384,NA,NA,NA,NA,NA,NA,NA,NA,NA,NA
-0.0306545401887477,2000-04-18,95.176499533032,NA,NA,NA,NA,NA,NA,NA,NA,NA,NA
0.0161496399393036,2000-04-19,96.7260443485628,NA,NA,NA,NA,NA,NA,NA,NA,NA,NA
-0.01851999994943,2000-04-20,94.9511641331513,NA,NA,NA,NA,NA,NA,NA,NA,NA,NA
-0.0393851404926961,2000-04-21,91.2841854320718,NA,NA,NA,NA,NA,NA,NA,NA,NA,NA
0.0140471846359795,2000-04-22,92.5755198112695,NA,NA,NA,NA,NA,NA,NA,NA,NA,NA
0.047078370130481,2000-04-23,97.0380444023926,NA,NA,NA,NA,NA,NA,NA,NA,NA,NA
-0.000565202291532147,2000-04-24,96.9832137739887,NA,NA,NA,NA,NA,NA,NA,NA,NA,NA
0.0041507232449521,2000-04-25,97.3866008486782,NA,NA,NA,NA,NA,NA,NA,NA,NA,NA
0.00992150406207958,2000-04-26,98.3576314814031,NA,NA,NA,NA,NA,NA,NA,NA,NA,NA
0.0144100740873742,2000-04-27,99.785233459842,NA,NA,NA,NA,NA,NA,NA,NA,NA,NA
-0.00799981672173529,2000-04-28,98.9901543643722,NA,NA,NA,NA,NA,NA,NA,NA,NA,NA
-0.0437187668429591,2000-04-29,94.7556646577125,NA,NA,NA,NA,NA,NA,NA,NA,NA,NA
0.0107468966172299,2000-04-30,95.7794855846159,NA,NA,NA,NA,NA,NA,NA,NA,NA,NA
0.015768539519455,2000-05-01,97.3017586575299,NA,NA,NA,NA,NA,NA,NA,NA,NA,NA
0.00462182478005902,2000-05-02,97.7525111840483,NA,NA,NA,NA,NA,NA,NA,NA,NA,NA
0.0141403620602619,2000-05-03,99.1445861108782,NA,NA,NA,NA,NA,NA,NA,NA,NA,NA
-0.0460085555056064,2000-05-04,94.6864299661716,NA,NA,NA,NA,NA,NA,NA,NA,NA,NA
0.0227570494686265,2000-05-05,96.8659190480746,NA,NA,NA,NA,NA,NA,NA,NA,NA,NA
-0.017881084502831,2000-05-06,95.1492450996577,NA,NA,NA,NA,NA,NA,NA,NA,NA,NA
-0.0257080853210078,2000-05-07,92.7343148073635,NA,NA,NA,NA,NA,NA,NA,NA,NA,NA
-0.0150648030643749,2000-05-08,91.3477609210027,NA,NA,NA,NA,NA,NA,NA,NA,NA,NA
-0.0247403016441656,2000-05-09,89.1155168161855,NA,NA,NA,NA,NA,NA,NA,NA,NA,NA
-0.0172026746594375,2000-05-10,87.5956023527292,NA,NA,NA,NA,NA,NA,NA,NA,NA,NA
0.0206560525722043,2000-05-11,89.4237983736282,NA,NA,NA,NA,NA,NA,NA,NA,NA,NA
-0.0121123624038717,2000-05-12,88.347198168363,NA,NA,NA,NA,NA,NA,NA,NA,NA,NA
0.0189192655606044,2000-05-13,90.0345738956785,NA,NA,NA,NA,NA,NA,NA,NA,NA,NA
-0.0243861218244648,2000-05-14,87.8655345272121,NA,NA,NA,NA,NA,NA,NA,NA,NA,NA
0.0118701623393997,2000-05-15,88.9147274117103,NA,NA,NA,NA,NA,NA,NA,NA,NA,NA
-0.0263789068632736,2000-05-16,86.5999193790363,NA,NA,NA,NA,NA,NA,NA,NA,NA,NA
-0.0269496085905359,2000-05-17,84.2972527930425,NA,NA,NA,NA,NA,NA,NA,NA,NA,NA
-0.0104820749066911,2000-05-18,83.4182575699275,NA,NA,NA,NA,NA,NA,NA,NA,NA,NA
-0.0151795869896334,2000-05-19,82.1615650398944,NA,NA,NA,NA,NA,NA,NA,NA,NA,NA
-0.0117126062520453,2000-05-20,81.2048527141161,NA,NA,NA,NA,NA,NA,NA,NA,NA,NA
-0.00146728491347396,2000-05-21,81.0857894300692,NA,NA,NA,NA,NA,NA,NA,NA,NA,NA
-0.0290926164417879,2000-05-22,78.7607760060076,NA,NA,NA,NA,NA,NA,NA,NA,NA,NA
0.0141961538124485,2000-05-23,79.8868501459373,NA,NA,NA,NA,NA,NA,NA,NA,NA,NA
0.0112633828868462,2000-05-24,80.79173278016,NA,NA,NA,NA,NA,NA,NA,NA,NA,NA
0.0208708308583425,2000-05-25,82.4956425255347,NA,NA,NA,NA,NA,NA,NA,NA,NA,NA
0.00908463759648178,2000-05-26,83.2485000823901,NA,NA,NA,NA,NA,NA,NA,NA,NA,NA
-0.00456637492654978,2000-05-27,82.8692228390384,NA,NA,NA,NA,NA,NA,NA,NA,NA,NA
-0.00823675862362034,2000-05-28,82.1894524487003,NA,NA,NA,NA,NA,NA,NA,NA,NA,NA
-0.00660191764907969,2000-05-29,81.6486316435394,NA,NA,NA,NA,NA,NA,NA,NA,NA,NA
-0.00413994612067545,2000-05-30,81.3113094373723,NA,NA,NA,NA,NA,NA,NA,NA,NA,NA
0.0772827082648711,2000-05-31,87.8444663254861,NA,NA,NA,NA,NA,NA,NA,NA,NA,NA
0.0118244569374296,2000-06-01,88.8893448207751,NA,NA,NA,NA,NA,NA,NA,NA,NA,NA
-0.0111056703485785,2000-06-02,87.9076304478282,NA,NA,NA,NA,NA,NA,NA,NA,NA,NA
0.0336809361382238,2000-06-03,90.9188677218813,NA,NA,NA,NA,NA,NA,NA,NA,NA,NA
0.00126288007702718,2000-06-04,91.0337598807926,NA,NA,NA,NA,NA,NA,NA,NA,NA,NA
0.0138308350466117,2000-06-05,92.3015800932328,NA,NA,NA,NA,NA,NA,NA,NA,NA,NA
0.0599430339352461,2000-06-06,98.003608007978,NA,NA,NA,NA,NA,NA,NA,NA,NA,NA
-0.034508183359853,2000-06-07,94.6793681452028,NA,NA,NA,NA,NA,NA,NA,NA,NA,NA
-0.0218559165760906,2000-06-08,92.6325131970492,NA,NA,NA,NA,NA,NA,NA,NA,NA,NA
-0.0387259305439345,2000-06-09,89.1138052828696,NA,NA,NA,NA,NA,NA,NA,NA,NA,NA
0.0142323474118521,2000-06-10,90.3911723227372,NA,NA,NA,NA,NA,NA,NA,NA,NA,NA
0.00173747703082014,2000-06-11,90.5483614251204,NA,NA,NA,NA,NA,NA,NA,NA,NA,NA
0.00986725721105063,2000-06-12,91.4462479509418,NA,NA,NA,NA,NA,NA,NA,NA,NA,NA
0.0565793174464492,2000-06-13,96.7693839765512,NA,NA,NA,NA,NA,NA,NA,NA,NA,NA
0.0155203318744824,2000-06-14,98.2829924005578,NA,NA,NA,NA,NA,NA,NA,NA,NA,NA
-0.0111480098388354,2000-06-15,97.1934172158988,NA,NA,NA,NA,NA,NA,NA,NA,NA,NA
-0.00641274606674813,2000-06-16,96.5721347045224,NA,NA,NA,NA,NA,NA,NA,NA,NA,NA
0.0319832290171935,2000-06-17,99.7107473458513,NA,NA,NA,NA,NA,NA,NA,NA,NA,NA
0.0237251050549453,2000-06-18,102.104681177034,NA,NA,NA,NA,NA,NA,NA,NA,NA,NA
-0.00814107745341855,2000-06-19,101.276813499046,NA,NA,NA,NA,NA,NA,NA,NA,NA,NA
-0.0247552431628441,2000-06-20,98.8004591930417,NA,NA,NA,NA,NA,NA,NA,NA,NA,NA
-0.0274653885362678,2000-06-21,96.1237923011417,NA,NA,NA,NA,NA,NA,NA,NA,NA,NA
-0.0370113129280434,2000-06-22,92.6311567443209,NA,NA,NA,NA,NA,NA,NA,NA,NA,NA
-0.0210697403977578,2000-06-23,90.6998597291765,NA,NA,NA,NA,NA,NA,NA,NA,NA,NA
-0.0159697738838965,2000-06-24,89.2629079149074,NA,NA,NA,NA,NA,NA,NA,NA,NA,NA
0.0445162646989867,2000-06-25,93.3263323730422,NA,NA,NA,NA,NA,NA,NA,NA,NA,NA
0.0644328849803461,2000-06-26,99.5375725425261,NA,NA,NA,NA,NA,NA,NA,NA,NA,NA
-0.0422967276297714,2000-06-27,95.4152537995232,NA,NA,NA,NA,NA,NA,NA,NA,NA,NA
0.0792214068742767,2000-06-28,103.281664792553,NA,NA,NA,NA,NA,NA,NA,NA,NA,NA
0.0347852571686465,2000-06-29,106.937561076299,NA,NA,NA,NA,NA,NA,NA,NA,NA,NA
0.0188788229494066,2000-06-30,108.975593655717,NA,NA,NA,NA,NA,NA,NA,NA,NA,NA
-0.0169377932311464,2000-07-01,107.145331639532,NA,NA,NA,NA,NA,NA,NA,NA,NA,NA
0.00798221718346461,2000-07-02,108.004011472047,NA,NA,NA,NA,NA,NA,NA,NA,NA,NA
0.00456689091880677,2000-07-03,108.49838202018,NA,NA,NA,NA,NA,NA,NA,NA,NA,NA
-0.0130162885126702,2000-07-04,107.095287130342,NA,NA,NA,NA,NA,NA,NA,NA,NA,NA
0.00196709597796655,2000-07-05,107.306161175661,NA,NA,NA,NA,NA,NA,NA,NA,NA,NA
-0.046850401378051,2000-07-06,102.394773032712,NA,NA,NA,NA,NA,NA,NA,NA,NA,NA
-0.0166378399195059,2000-07-07,100.705239260844,NA,NA,NA,NA,NA,NA,NA,NA,NA,NA
0.0184054143733115,2000-07-08,102.575923469006,NA,NA,NA,NA,NA,NA,NA,NA,NA,NA
-0.0727878085875038,2000-07-09,95.3748991850397,NA,NA,NA,NA,NA,NA,NA,NA,NA,NA
-0.0117660308382014,2000-07-10,94.2592911893979,NA,NA,NA,NA,NA,NA,NA,NA,NA,NA
0.0297784331249984,2000-07-11,97.1083955858205,NA,NA,NA,NA,NA,NA,NA,NA,NA,NA
0.00344807722181559,2000-07-12,97.4438107690946,NA,NA,NA,NA,NA,NA,NA,NA,NA,NA
0.0280652353108832,2000-07-13,100.217331964081,NA,NA,NA,NA,NA,NA,NA,NA,NA,NA
-0.000994876840041648,2000-07-14,100.117677641648,NA,NA,NA,NA,NA,NA,NA,NA,NA,NA
-0.00681067741344262,2000-07-15,99.438125168956,NA,NA,NA,NA,NA,NA,NA,NA,NA,NA
-0.00667357086909827,2000-07-16,98.7767271913854,NA,NA,NA,NA,NA,NA,NA,NA,NA,NA
0.00123444799594434,2000-07-17,98.8987372163343,NA,NA,NA,NA,NA,NA,NA,NA,NA,NA
0.00912164946503344,2000-07-18,99.8049837778479,NA,NA,NA,NA,NA,NA,NA,NA,NA,NA
0.00397395671186066,2000-07-19,100.202393584691,NA,NA,NA,NA,NA,NA,NA,NA,NA,NA
-0.00850164907012972,2000-07-20,99.3541189742697,NA,NA,NA,NA,NA,NA,NA,NA,NA,NA
0.0263720789255657,2000-07-21,102.009149097052,NA,NA,NA,NA,NA,NA,NA,NA,NA,NA
0.03210835534595,2000-07-22,105.337645422642,NA,NA,NA,NA,NA,NA,NA,NA,NA,NA
-0.0257848951403172,2000-07-23,102.656243674148,NA,NA,NA,NA,NA,NA,NA,NA,NA,NA
0.0529939082834987,2000-07-24,108.243127198166,NA,NA,NA,NA,NA,NA,NA,NA,NA,NA
0.0227663080173026,2000-07-25,110.735689131107,NA,NA,NA,NA,NA,NA,NA,NA,NA,NA
0.0209385304797869,2000-07-26,113.078776532186,NA,NA,NA,NA,NA,NA,NA,NA,NA,NA
0.0415828887069505,2000-07-27,117.880052352327,NA,NA,NA,NA,NA,NA,NA,NA,NA,NA
0.0330669277074824,2000-07-28,121.8431460841,NA,NA,NA,NA,NA,NA,NA,NA,NA,NA
-0.00323079477558607,2000-07-29,121.450131101525,NA,NA,NA,NA,NA,NA,NA,NA,NA,NA
-0.0343520226266998,2000-07-30,117.348919210655,NA,NA,NA,NA,NA,NA,NA,NA,NA,NA
3.89101261580122e-05,2000-07-31,117.35348536074,NA,NA,NA,NA,NA,NA,NA,NA,NA,NA
-0.00895997837443622,2000-08-01,116.30669727217,NA,NA,NA,NA,NA,NA,NA,NA,NA,NA
-0.000615092908157596,2000-08-02,116.235179844693,NA,NA,NA,NA,NA,NA,NA,NA,NA,NA
-0.0121461176688115,2000-08-03,114.831913046609,NA,NA,NA,NA,NA,NA,NA,NA,NA,NA
0.0188099693819262,2000-08-04,117.012340412475,NA,NA,NA,NA,NA,NA,NA,NA,NA,NA
0.0137143076952254,2000-08-05,118.628138101211,NA,NA,NA,NA,NA,NA,NA,NA,NA,NA
-0.0510081893247705,2000-08-06,112.72886618548,NA,NA,NA,NA,NA,NA,NA,NA,NA,NA
0.0104995131702074,2000-08-07,113.918699806984,NA,NA,NA,NA,NA,NA,NA,NA,NA,NA
-0.0311965030039057,2000-08-08,110.41969684535,NA,NA,NA,NA,NA,NA,NA,NA,NA,NA
-0.0254322418036304,2000-08-09,107.646885275144,NA,NA,NA,NA,NA,NA,NA,NA,NA,NA
-0.0337481270687486,2000-08-10,104.074622149118,NA,NA,NA,NA,NA,NA,NA,NA,NA,NA
0.00755792732675489,2000-08-11,104.864190571768,NA,NA,NA,NA,NA,NA,NA,NA,NA,NA
0.00496201432947278,2000-08-12,105.385821287295,NA,NA,NA,NA,NA,NA,NA,NA,NA,NA
0.0413523717925578,2000-08-13,109.835135788405,NA,NA,NA,NA,NA,NA,NA,NA,NA,NA
0.0117415948295873,2000-08-14,111.132376383976,NA,NA,NA,NA,NA,NA,NA,NA,NA,NA
-0.00294743647105883,2000-08-15,110.805303015478,NA,NA,NA,NA,NA,NA,NA,NA,NA,NA
-0.0120624015250602,2000-08-16,109.476753815139,NA,NA,NA,NA,NA,NA,NA,NA,NA,NA
-0.0282970903999089,2000-08-17,106.422300104282,NA,NA,NA,NA,NA,NA,NA,NA,NA,NA
0.0148765423734185,2000-08-18,108.017330815797,NA,NA,NA,NA,NA,NA,NA,NA,NA,NA
0.0231132110710386,2000-08-19,110.543034301943,NA,NA,NA,NA,NA,NA,NA,NA,NA,NA
0.00600676544426016,2000-08-20,111.209038643905,NA,NA,NA,NA,NA,NA,NA,NA,NA,NA
-0.0268714066451936,2000-08-21,108.260488607509,NA,NA,NA,NA,NA,NA,NA,NA,NA,NA
-0.0224499950230496,2000-08-22,105.857119925644,NA,NA,NA,NA,NA,NA,NA,NA,NA,NA
-0.00129067368582263,2000-08-23,105.720581059014,NA,NA,NA,NA,NA,NA,NA,NA,NA,NA
-0.0154082550813546,2000-08-24,104.104096959624,NA,NA,NA,NA,NA,NA,NA,NA,NA,NA
0.030091682823007,2000-08-25,107.284374398602,NA,NA,NA,NA,NA,NA,NA,NA,NA,NA
-0.000341500133602508,2000-08-26,107.247743025577,NA,NA,NA,NA,NA,NA,NA,NA,NA,NA
0.0186262381597674,2000-08-27,109.264085168826,NA,NA,NA,NA,NA,NA,NA,NA,NA,NA
0.0236786170372757,2000-08-28,111.882181725959,NA,NA,NA,NA,NA,NA,NA,NA,NA,NA
-0.00875815049868141,2000-08-29,110.906579213239,NA,NA,NA,NA,NA,NA,NA,NA,NA,NA
-0.0214167873626353,2000-08-30,108.556571224028,NA,NA,NA,NA,NA,NA,NA,NA,NA,NA
0.0020745219614812,2000-08-31,108.782007970987,NA,NA,NA,NA,NA,NA,NA,NA,NA,NA
-0.0315613225402186,2000-09-01,105.402318212683,NA,NA,NA,NA,NA,NA,NA,NA,NA,NA
-0.0148786305297689,2000-09-02,103.845685064116,NA,NA,NA,NA,NA,NA,NA,NA,NA,NA
-0.00843306542920397,2000-09-03,102.973629825002,NA,NA,NA,NA,NA,NA,NA,NA,NA,NA
0.0162954063102283,2000-09-04,104.665373350967,NA,NA,NA,NA,NA,NA,NA,NA,NA,NA
0.0217538067794612,2000-09-05,106.967189518458,NA,NA,NA,NA,NA,NA,NA,NA,NA,NA
0.0188663911937593,2000-09-06,109.004431636428,NA,NA,NA,NA,NA,NA,NA,NA,NA,NA
-0.0354376285310475,2000-09-07,105.209216952907,NA,NA,NA,NA,NA,NA,NA,NA,NA,NA
-0.00990947378234988,2000-09-08,104.171797605098,NA,NA,NA,NA,NA,NA,NA,NA,NA,NA
-0.00334356457700855,2000-09-09,103.82407411462,NA,NA,NA,NA,NA,NA,NA,NA,NA,NA
-0.00255417095634705,2000-09-10,103.559228054987,NA,NA,NA,NA,NA,NA,NA,NA,NA,NA
-0.0393889788034237,2000-09-11,99.5594269808857,NA,NA,NA,NA,NA,NA,NA,NA,NA,NA
0.0133438437723411,2000-09-12,100.896835662181,NA,NA,NA,NA,NA,NA,NA,NA,NA,NA
-0.00243110263667693,2000-09-13,100.651843020763,NA,NA,NA,NA,NA,NA,NA,NA,NA,NA
-0.0309444379575484,2000-09-14,97.5849250608349,NA,NA,NA,NA,NA,NA,NA,NA,NA,NA
-0.0168233997137833,2000-09-15,95.9569473172432,NA,NA,NA,NA,NA,NA,NA,NA,NA,NA
0.00268654325485223,2000-09-16,96.2150864024635,NA,NA,NA,NA,NA,NA,NA,NA,NA,NA
-0.0171499769336357,2000-09-17,94.5790688207158,NA,NA,NA,NA,NA,NA,NA,NA,NA,NA
0.00972046362826393,2000-09-18,95.5029039980811,NA,NA,NA,NA,NA,NA,NA,NA,NA,NA
-0.0297779399074933,2000-09-19,92.7009495218716,NA,NA,NA,NA,NA,NA,NA,NA,NA,NA
0.0237818864365504,2000-09-20,94.9319768444768,NA,NA,NA,NA,NA,NA,NA,NA,NA,NA
-0.0184237919929943,2000-09-21,93.1989830281882,NA,NA,NA,NA,NA,NA,NA,NA,NA,NA
0.0502376989536293,2000-09-22,98.0006889620561,NA,NA,NA,NA,NA,NA,NA,NA,NA,NA
-0.0629833532422469,2000-09-23,92.0186391172056,NA,NA,NA,NA,NA,NA,NA,NA,NA,NA
0.0244968079113276,2000-09-24,94.3006387809893,NA,NA,NA,NA,NA,NA,NA,NA,NA,NA
0.00631838169163992,2000-09-25,94.8983525138362,NA,NA,NA,NA,NA,NA,NA,NA,NA,NA
0.0238502161459139,2000-09-26,97.1889052446108,NA,NA,NA,NA,NA,NA,NA,NA,NA,NA
-0.00790265798512848,2000-09-27,96.4238814088111,NA,NA,NA,NA,NA,NA,NA,NA,NA,NA
0.0204773266076655,2000-09-28,98.4187396968872,NA,NA,NA,NA,NA,NA,NA,NA,NA,NA
0.0187216389391625,2000-09-29,100.278655820707,NA,NA,NA,NA,NA,NA,NA,NA,NA,NA
-0.0400249181290143,2000-09-30,96.3442727359972,NA,NA,NA,NA,NA,NA,NA,NA,NA,NA
0.0151099541600452,2000-10-01,97.8110840995638,NA,NA,NA,NA,NA,NA,NA,NA,NA,NA
0.0168059970851722,2000-10-02,99.4687875567307,NA,NA,NA,NA,NA,NA,NA,NA,NA,NA
0.0100233091954952,2000-10-03,100.470807357732,NA,NA,NA,NA,NA,NA,NA,NA,NA,NA
-0.0208250985419192,2000-10-04,98.4001287713257,NA,NA,NA,NA,NA,NA,NA,NA,NA,NA
-0.000806927205025532,2000-10-05,98.3207590575394,NA,NA,NA,NA,NA,NA,NA,NA,NA,NA
0.0167832006663769,2000-10-06,99.9848211703305,NA,NA,NA,NA,NA,NA,NA,NA,NA,NA
-0.00622926330993977,2000-10-07,99.3639252620682,NA,NA,NA,NA,NA,NA,NA,NA,NA,NA
-0.0303449546878838,2000-10-08,96.3940201614814,NA,NA,NA,NA,NA,NA,NA,NA,NA,NA
-0.00702353243980739,2000-10-09,95.7193656362361,NA,NA,NA,NA,NA,NA,NA,NA,NA,NA
0.0107686264665657,2000-10-10,96.7557016735014,NA,NA,NA,NA,NA,NA,NA,NA,NA,NA
0.011764741397127,2000-10-11,97.9007297551922,NA,NA,NA,NA,NA,NA,NA,NA,NA,NA
0.0450479848360571,2000-10-12,102.411804925093,NA,NA,NA,NA,NA,NA,NA,NA,NA,NA
-0.0238813732638772,2000-10-13,99.995043040915,NA,NA,NA,NA,NA,NA,NA,NA,NA,NA
-0.0263924179082377,2000-10-14,97.3904539638265,NA,NA,NA,NA,NA,NA,NA,NA,NA,NA
0.00558727902488324,2000-10-15,97.9361245919628,NA,NA,NA,NA,NA,NA,NA,NA,NA,NA
0.0178632815474219,2000-10-16,99.7013041707607,NA,NA,NA,NA,NA,NA,NA,NA,NA,NA
-0.0145271622348483,2000-10-17,98.2633967946341,NA,NA,NA,NA,NA,NA,NA,NA,NA,NA
0.0153392160586616,2000-10-18,99.7822998780377,NA,NA,NA,NA,NA,NA,NA,NA,NA,NA
-0.0179896153002806,2000-10-19,98.0033043889022,NA,NA,NA,NA,NA,NA,NA,NA,NA,NA
0.0303703729494634,2000-10-20,101.025359482055,NA,NA,NA,NA,NA,NA,NA,NA,NA,NA
0.0103784113782367,2000-10-21,102.079301886194,NA,NA,NA,NA,NA,NA,NA,NA,NA,NA
-0.0274510022671937,2000-10-22,99.3152345199188,NA,NA,NA,NA,NA,NA,NA,NA,NA,NA
-0.0281792346734034,2000-10-23,96.555671018125,NA,NA,NA,NA,NA,NA,NA,NA,NA,NA
0.0139065124021236,2000-10-24,97.9078035880148,NA,NA,NA,NA,NA,NA,NA,NA,NA,NA
-0.0171700825273606,2000-10-25,96.2410684577598,NA,NA,NA,NA,NA,NA,NA,NA,NA,NA
0.0196085316842927,2000-10-26,98.14683810745,NA,NA,NA,NA,NA,NA,NA,NA,NA,NA
-0.00401300009828379,2000-10-27,97.7537640670707,NA,NA,NA,NA,NA,NA,NA,NA,NA,NA
0.00863744468002733,2000-10-28,98.601763799744,NA,NA,NA,NA,NA,NA,NA,NA,NA,NA
0.0185941351034569,2000-10-29,100.45232983686,NA,NA,NA,NA,NA,NA,NA,NA,NA,NA
-0.0137558118064626,2000-10-30,99.0799869769223,NA,NA,NA,NA,NA,NA,NA,NA,NA,NA
0.0126002385691925,2000-10-31,100.336316856537,NA,NA,NA,NA,NA,NA,NA,NA,NA,NA
0.0456646720308477,2000-11-01,105.02436635728,NA,NA,NA,NA,NA,NA,NA,NA,NA,NA
0.00884828311849695,2000-11-02,105.957775127813,NA,NA,NA,NA,NA,NA,NA,NA,NA,NA
-0.00302388942946114,2000-11-03,105.637854477748,NA,NA,NA,NA,NA,NA,NA,NA,NA,NA
0.0461643108167976,2000-11-04,110.628870278779,NA,NA,NA,NA,NA,NA,NA,NA,NA,NA
0.0325512971325715,2000-11-05,114.289235117885,NA,NA,NA,NA,NA,NA,NA,NA,NA,NA
-0.0162602663519116,2000-11-06,112.445888977628,NA,NA,NA,NA,NA,NA,NA,NA,NA,NA
-0.0533062589932386,2000-11-07,106.60877869478,NA,NA,NA,NA,NA,NA,NA,NA,NA,NA
-0.013189535838495,2000-11-08,105.211890789639,NA,NA,NA,NA,NA,NA,NA,NA,NA,NA
0.0138037732279845,2000-11-09,106.674281907904,NA,NA,NA,NA,NA,NA,NA,NA,NA,NA
0.0404476714973476,2000-11-10,111.077457021646,NA,NA,NA,NA,NA,NA,NA,NA,NA,NA
-0.0178316802321268,2000-11-11,109.114314410586,NA,NA,NA,NA,NA,NA,NA,NA,NA,NA
-0.0642382324014167,2000-11-12,102.325392309609,NA,NA,NA,NA,NA,NA,NA,NA,NA,NA
-0.0402954592108877,2000-11-13,98.2841130513708,NA,NA,NA,NA,NA,NA,NA,NA,NA,NA
0.00755878480995693,2000-11-14,99.0298363425206,NA,NA,NA,NA,NA,NA,NA,NA,NA,NA
0.065744863363756,2000-11-15,105.759330455354,NA,NA,NA,NA,NA,NA,NA,NA,NA,NA
0.0244520339484215,2000-11-16,108.377237331577,NA,NA,NA,NA,NA,NA,NA,NA,NA,NA
-0.0242546989739092,2000-11-17,105.780202529461,NA,NA,NA,NA,NA,NA,NA,NA,NA,NA
-0.0592902364887055,2000-11-18,99.6907748676348,NA,NA,NA,NA,NA,NA,NA,NA,NA,NA
0.0398111857770241,2000-11-19,103.739643200382,NA,NA,NA,NA,NA,NA,NA,NA,NA,NA
-0.0456969946198857,2000-11-20,99.1057374215948,NA,NA,NA,NA,NA,NA,NA,NA,NA,NA
0.0315342466621892,2000-11-21,102.280760063167,NA,NA,NA,NA,NA,NA,NA,NA,NA,NA
0.0436279153297364,2000-11-22,106.841827907398,NA,NA,NA,NA,NA,NA,NA,NA,NA,NA
0.0423457960570163,2000-11-23,111.463289326877,NA,NA,NA,NA,NA,NA,NA,NA,NA,NA
-0.0397328026676438,2000-11-24,107.121369959142,NA,NA,NA,NA,NA,NA,NA,NA,NA,NA
0.0443328395557913,2000-11-25,111.977205680326,NA,NA,NA,NA,NA,NA,NA,NA,NA,NA
0.0101377421351747,2000-11-26,113.118175372995,NA,NA,NA,NA,NA,NA,NA,NA,NA,NA
-0.0538445589560066,2000-11-27,107.188451367188,NA,NA,NA,NA,NA,NA,NA,NA,NA,NA
0.00750376587276039,2000-11-28,107.995793676129,NA,NA,NA,NA,NA,NA,NA,NA,NA,NA
0.0154932312628628,2000-11-29,109.682026349184,NA,NA,NA,NA,NA,NA,NA,NA,NA,NA
-0.0133760670795142,2000-11-30,108.224680712674,NA,NA,NA,NA,NA,NA,NA,NA,NA,NA
-0.0319190431888291,2000-12-01,104.824801551808,NA,NA,NA,NA,NA,NA,NA,NA,NA,NA
0.0248606761675717,2000-12-02,107.463480770012,NA,NA,NA,NA,NA,NA,NA,NA,NA,NA
-0.00566847694664164,2000-12-03,106.856049737542,NA,NA,NA,NA,NA,NA,NA,NA,NA,NA
0.0131461742639878,2000-12-04,108.270072116412,NA,NA,NA,NA,NA,NA,NA,NA,NA,NA
-0.0979235391850955,2000-12-05,98.1704480992063,NA,NA,NA,NA,NA,NA,NA,NA,NA,NA
0.0114589017509485,2000-12-06,99.3018435133371,NA,NA,NA,NA,NA,NA,NA,NA,NA,NA
0.0539595314272546,2000-12-07,104.807325305249,NA,NA,NA,NA,NA,NA,NA,NA,NA,NA
0.013577464160544,2000-12-08,106.240047364721,NA,NA,NA,NA,NA,NA,NA,NA,NA,NA
-0.0212027802903219,2000-12-09,104.011175621297,NA,NA,NA,NA,NA,NA,NA,NA,NA,NA
-0.00508853844755342,2000-12-10,103.483255066323,NA,NA,NA,NA,NA,NA,NA,NA,NA,NA
-0.00966800053921801,2000-12-11,102.487599654405,NA,NA,NA,NA,NA,NA,NA,NA,NA,NA
-0.028016299331687,2000-12-12,99.6561253038478,NA,NA,NA,NA,NA,NA,NA,NA,NA,NA
0.000681386120642224,2000-12-13,99.7240527442462,NA,NA,NA,NA,NA,NA,NA,NA,NA,NA
0.0329035068538818,2000-12-14,103.059903435016,NA,NA,NA,NA,NA,NA,NA,NA,NA,NA
-0.0189751152453098,2000-12-15,101.122766709107,NA,NA,NA,NA,NA,NA,NA,NA,NA,NA
0.05995470599776,2000-12-16,107.37098600769,NA,NA,NA,NA,NA,NA,NA,NA,NA,NA
-0.0327039292622914,2000-12-17,103.916331174272,NA,NA,NA,NA,NA,NA,NA,NA,NA,NA
-0.0229594918816351,2000-12-18,101.557645733787,NA,NA,NA,NA,NA,NA,NA,NA,NA,NA
0.0190349031019915,2000-12-19,103.509301541325,NA,NA,NA,NA,NA,NA,NA,NA,NA,NA
0.0479881773614269,2000-12-20,108.597637812078,NA,NA,NA,NA,NA,NA,NA,NA,NA,NA
-0.0157051056681563,2000-12-21,106.905423419812,NA,NA,NA,NA,NA,NA,NA,NA,NA,NA
0.0308619256451629,2000-12-22,110.256169943815,NA,NA,NA,NA,NA,NA,NA,NA,NA,NA
-0.000415411092279508,2000-12-23,110.210377819765,NA,NA,NA,NA,NA,NA,NA,NA,NA,NA
-0.0210702794573003,2000-12-24,107.912507754491,NA,NA,NA,NA,NA,NA,NA,NA,NA,NA
-0.0169181768367577,2000-12-25,106.102181752913,NA,NA,NA,NA,NA,NA,NA,NA,NA,NA
-0.00447969076357926,2000-12-26,105.627939811018,NA,NA,NA,NA,NA,NA,NA,NA,NA,NA
0.00763106891434665,2000-12-27,106.437077264277,NA,NA,NA,NA,NA,NA,NA,NA,NA,NA
0.000651548066959462,2000-12-28,106.506448733191,NA,NA,NA,NA,NA,NA,NA,NA,NA,NA
0.00712966151802132,2000-12-29,107.2685170787,NA,NA,NA,NA,NA,NA,NA,NA,NA,NA
-0.0108439481523012,2000-12-30,106.11158702294,NA,NA,NA,NA,NA,NA,NA,NA,NA,NA
-0.0204180419032034,2000-12-31,103.966965188513,NA,NA,NA,NA,NA,NA,NA,NA,NA,NA
-0.0258082034691013,2001-01-01,101.318092938622,NA,NA,NA,NA,NA,NA,NA,NA,NA,NA
0.0108458917740566,2001-01-02,102.422958806466,NA,NA,NA,NA,NA,NA,NA,NA,NA,NA
0.00786441697224171,2001-01-03,103.231631363175,NA,NA,NA,NA,NA,NA,NA,NA,NA,NA
-0.0163566500121205,2001-01-04,101.556842009699,NA,NA,NA,NA,NA,NA,NA,NA,NA,NA
-0.0325323812631778,2001-01-05,98.306119671487,NA,NA,NA,NA,NA,NA,NA,NA,NA,NA
0.0450010251841559,2001-01-06,102.8310453966,NA,NA,NA,NA,NA,NA,NA,NA,NA,NA
-0.0064581879220028,2001-01-07,102.169083020693,NA,NA,NA,NA,NA,NA,NA,NA,NA,NA
-0.00155061419215352,2001-01-08,102.010780954995,NA,NA,NA,NA,NA,NA,NA,NA,NA,NA
0.0505616954927239,2001-01-09,107.301239235475,NA,NA,NA,NA,NA,NA,NA,NA,NA,NA
0.00846350758837833,2001-01-10,108.213237998272,NA,NA,NA,NA,NA,NA,NA,NA,NA,NA
-0.0321186060631188,2001-01-11,104.792803470456,NA,NA,NA,NA,NA,NA,NA,NA,NA,NA
0.0261816095810643,2001-01-12,107.572679762489,NA,NA,NA,NA,NA,NA,NA,NA,NA,NA
0.0349693536766679,2001-01-13,111.400973207865,NA,NA,NA,NA,NA,NA,NA,NA,NA,NA
0.0126012301752622,2001-01-14,112.813644517934,NA,NA,NA,NA,NA,NA,NA,NA,NA,NA
0.0225126841896251,2001-01-15,115.382186373405,NA,NA,NA,NA,NA,NA,NA,NA,NA,NA
-0.0489420322438559,2001-01-16,109.871109365193,NA,NA,NA,NA,NA,NA,NA,NA,NA,NA
-0.00254791114711826,2001-01-17,109.591523871645,NA,NA,NA,NA,NA,NA,NA,NA,NA,NA
-0.0304502102418729,2001-01-18,106.304734600705,NA,NA,NA,NA,NA,NA,NA,NA,NA,NA
-0.0200858371347805,2001-01-19,104.190815996871,NA,NA,NA,NA,NA,NA,NA,NA,NA,NA
-0.0324186583254631,2001-01-20,100.867253328823,NA,NA,NA,NA,NA,NA,NA,NA,NA,NA
0.0635997789648063,2001-01-21,107.490783375295,NA,NA,NA,NA,NA,NA,NA,NA,NA,NA
-0.000646354054224341,2001-01-22,107.421328720236,NA,NA,NA,NA,NA,NA,NA,NA,NA,NA
-0.00304385000967118,2001-01-23,107.094851433786,NA,NA,NA,NA,NA,NA,NA,NA,NA,NA
-0.00397402751078961,2001-01-24,106.670098097652,NA,NA,NA,NA,NA,NA,NA,NA,NA,NA
-0.0192508235531553,2001-01-25,104.636250294008,NA,NA,NA,NA,NA,NA,NA,NA,NA,NA
-0.0294542267991427,2001-01-26,101.599216745967,NA,NA,NA,NA,NA,NA,NA,NA,NA,NA
-0.0143361347682473,2001-01-27,100.153067545469,NA,NA,NA,NA,NA,NA,NA,NA,NA,NA
-0.00821502151453753,2001-01-28,99.3336781995321,NA,NA,NA,NA,NA,NA,NA,NA,NA,NA
0.0117776953071998,2001-01-29,100.5105166136,NA,NA,NA,NA,NA,NA,NA,NA,NA,NA
0.0434079680320635,2001-01-30,104.969552611486,NA,NA,NA,NA,NA,NA,NA,NA,NA,NA
-0.033842604793708,2001-01-31,101.476549074299,NA,NA,NA,NA,NA,NA,NA,NA,NA,NA
0.0070572081015952,2001-02-01,102.195223131994,NA,NA,NA,NA,NA,NA,NA,NA,NA,NA
0.0123701204884418,2001-02-02,103.467241646321,NA,NA,NA,NA,NA,NA,NA,NA,NA,NA
-0.00761449488321109,2001-02-03,102.682382808236,NA,NA,NA,NA,NA,NA,NA,NA,NA,NA
-0.0447467864480081,2001-02-04,98.1889590208455,NA,NA,NA,NA,NA,NA,NA,NA,NA,NA
-0.0568563996665039,2001-02-05,92.7620280701502,NA,NA,NA,NA,NA,NA,NA,NA,NA,NA
-0.035687849646245,2001-02-06,89.5099261764265,NA,NA,NA,NA,NA,NA,NA,NA,NA,NA
-0.0204354359793088,2001-02-07,87.6993151334501,NA,NA,NA,NA,NA,NA,NA,NA,NA,NA
0.0263444359660039,2001-02-08,90.0404060883772,NA,NA,NA,NA,NA,NA,NA,NA,NA,NA
-0.0153154117969328,2001-02-09,88.6719065077912,NA,NA,NA,NA,NA,NA,NA,NA,NA,NA
0.00814540290836801,2001-02-10,89.3971244996192,NA,NA,NA,NA,NA,NA,NA,NA,NA,NA
-0.00832157360370621,2001-02-11,88.6562864922996,NA,NA,NA,NA,NA,NA,NA,NA,NA,NA
-0.00504908249277901,2001-02-12,88.2097817564892,NA,NA,NA,NA,NA,NA,NA,NA,NA,NA
-0.00858022495360647,2001-02-13,87.4561597326391,NA,NA,NA,NA,NA,NA,NA,NA,NA,NA
0.0264106865086676,2001-02-14,89.7967086549361,NA,NA,NA,NA,NA,NA,NA,NA,NA,NA
-0.00251805185119677,2001-02-15,89.5708803295163,NA,NA,NA,NA,NA,NA,NA,NA,NA,NA
-0.00839495599799023,2001-02-16,88.8220841834277,NA,NA,NA,NA,NA,NA,NA,NA,NA,NA
-0.00374502411076732,2001-02-17,88.4900654337561,NA,NA,NA,NA,NA,NA,NA,NA,NA,NA
0.00391644118133974,2001-02-18,88.8373111099409,NA,NA,NA,NA,NA,NA,NA,NA,NA,NA
0.00669678251918835,2001-02-19,89.4342317550696,NA,NA,NA,NA,NA,NA,NA,NA,NA,NA
-0.0201631972396642,2001-02-20,87.6490100707689,NA,NA,NA,NA,NA,NA,NA,NA,NA,NA
-0.0203145564626296,2001-02-21,85.8864230091138,NA,NA,NA,NA,NA,NA,NA,NA,NA,NA
0.0242424495336663,2001-02-22,87.9939630357853,NA,NA,NA,NA,NA,NA,NA,NA,NA,NA
0.0133540302821039,2001-02-23,89.176918112105,NA,NA,NA,NA,NA,NA,NA,NA,NA,NA
0.00278409304296528,2001-02-24,89.4255408832846,NA,NA,NA,NA,NA,NA,NA,NA,NA,NA
-0.0118549677784847,2001-02-25,88.3716631634041,NA,NA,NA,NA,NA,NA,NA,NA,NA,NA
-0.0026805229732697,2001-02-26,88.1350980908118,NA,NA,NA,NA,NA,NA,NA,NA,NA,NA
0.0291964045243004,2001-02-27,90.7462588368167,NA,NA,NA,NA,NA,NA,NA,NA,NA,NA
0.0128388049906271,2001-02-28,91.9188435439827,NA,NA,NA,NA,NA,NA,NA,NA,NA,NA
0.00701953633857552,2001-03-01,92.5663411140759,NA,NA,NA,NA,NA,NA,NA,NA,NA,NA
-0.00697231233756665,2001-03-02,91.923184422039,NA,NA,NA,NA,NA,NA,NA,NA,NA,NA
-0.0109809283254442,2001-03-03,90.9193043772305,NA,NA,NA,NA,NA,NA,NA,NA,NA,NA
0.0400653206105501,2001-03-04,94.6359730555476,NA,NA,NA,NA,NA,NA,NA,NA,NA,NA
0.0186680545347695,2001-03-05,96.4192357964828,NA,NA,NA,NA,NA,NA,NA,NA,NA,NA
-0.0171120605153336,2001-03-06,94.7833406854881,NA,NA,NA,NA,NA,NA,NA,NA,NA,NA
0.0318354936236611,2001-03-07,97.8493603012857,NA,NA,NA,NA,NA,NA,NA,NA,NA,NA
0.0217419099439587,2001-03-08,100.000088023262,NA,NA,NA,NA,NA,NA,NA,NA,NA,NA
0.0230519699021632,2001-03-09,102.332062075045,NA,NA,NA,NA,NA,NA,NA,NA,NA,NA
0.0233461701353391,2001-03-10,104.749229823804,NA,NA,NA,NA,NA,NA,NA,NA,NA,NA
-0.037216133158899,2001-03-11,100.922517917397,NA,NA,NA,NA,NA,NA,NA,NA,NA,NA
-0.0379410810570119,2001-03-12,97.1651387250232,NA,NA,NA,NA,NA,NA,NA,NA,NA,NA
0.0187725561473663,2001-03-13,99.0064053146183,NA,NA,NA,NA,NA,NA,NA,NA,NA,NA
-0.00939251147243904,2001-03-14,98.0808400125961,NA,NA,NA,NA,NA,NA,NA,NA,NA,NA
-0.00699374790786358,2001-03-15,97.3972804507996,NA,NA,NA,NA,NA,NA,NA,NA,NA,NA
-0.0444101052885981,2001-03-16,93.1664970656006,NA,NA,NA,NA,NA,NA,NA,NA,NA,NA
0.0347180957628859,2001-03-17,96.4578648470415,NA,NA,NA,NA,NA,NA,NA,NA,NA,NA
-0.017388266621926,2001-03-18,94.7951277275651,NA,NA,NA,NA,NA,NA,NA,NA,NA,NA
0.00660176265231384,2001-03-19,95.4230129556032,NA,NA,NA,NA,NA,NA,NA,NA,NA,NA
0.00717422134561129,2001-03-20,96.1100603401909,NA,NA,NA,NA,NA,NA,NA,NA,NA,NA
-0.0016666482148712,2001-03-21,95.9500120888074,NA,NA,NA,NA,NA,NA,NA,NA,NA,NA
0.0322269039515419,2001-03-22,99.0925490561636,NA,NA,NA,NA,NA,NA,NA,NA,NA,NA
-0.0411952918168456,2001-03-23,95.0933423797883,NA,NA,NA,NA,NA,NA,NA,NA,NA,NA
0.0348870359878376,2001-03-24,98.4694154155974,NA,NA,NA,NA,NA,NA,NA,NA,NA,NA
-0.00261704221740046,2001-03-25,98.2120537084456,NA,NA,NA,NA,NA,NA,NA,NA,NA,NA
0.00439586377025335,2001-03-26,98.6447308152133,NA,NA,NA,NA,NA,NA,NA,NA,NA,NA
-0.0149855044135859,2001-03-27,97.1775107397917,NA,NA,NA,NA,NA,NA,NA,NA,NA,NA
-0.00539303109655523,2001-03-28,96.6548400589168,NA,NA,NA,NA,NA,NA,NA,NA,NA,NA
0.0536090911932267,2001-03-29,101.977823583999,NA,NA,NA,NA,NA,NA,NA,NA,NA,NA
-0.0659773622638346,2001-03-30,95.4667492568876,NA,NA,NA,NA,NA,NA,NA,NA,NA,NA
-0.0392578235268232,2001-03-31,91.7915447268255,NA,NA,NA,NA,NA,NA,NA,NA,NA,NA
0.00483814503309292,2001-04-01,92.2367215797371,NA,NA,NA,NA,NA,NA,NA,NA,NA,NA
-0.0296052733269629,2001-04-02,89.5460537269551,NA,NA,NA,NA,NA,NA,NA,NA,NA,NA
0.0727222452210821,2001-04-03,96.3006727671838,NA,NA,NA,NA,NA,NA,NA,NA,NA,NA
0.00318007287872151,2001-04-04,96.6074033792098,NA,NA,NA,NA,NA,NA,NA,NA,NA,NA
0.056845259808373,2001-04-05,102.258164242367,NA,NA,NA,NA,NA,NA,NA,NA,NA,NA
0.00231881313777388,2001-04-06,102.495556945347,NA,NA,NA,NA,NA,NA,NA,NA,NA,NA
0.0524317300588646,2001-04-07,108.012955776516,NA,NA,NA,NA,NA,NA,NA,NA,NA,NA
0.0244915739932385,2001-04-08,110.691024265673,NA,NA,NA,NA,NA,NA,NA,NA,NA,NA
0.00668673489455585,2001-04-09,111.433665957093,NA,NA,NA,NA,NA,NA,NA,NA,NA,NA
-0.00564028985092559,2001-04-10,110.806916966486,NA,NA,NA,NA,NA,NA,NA,NA,NA,NA
0.0483449314667893,2001-04-11,116.295472738715,NA,NA,NA,NA,NA,NA,NA,NA,NA,NA
-0.0142698048902866,2001-04-12,114.647743381463,NA,NA,NA,NA,NA,NA,NA,NA,NA,NA
-0.0301628148612564,2001-04-13,111.241277288319,NA,NA,NA,NA,NA,NA,NA,NA,NA,NA
-0.0253758965792193,2001-04-14,108.453945235837,NA,NA,NA,NA,NA,NA,NA,NA,NA,NA
0.00553783696395481,2001-04-15,109.056211589916,NA,NA,NA,NA,NA,NA,NA,NA,NA,NA
-0.0326669431403187,2001-04-16,105.551238586419,NA,NA,NA,NA,NA,NA,NA,NA,NA,NA
-0.0282365934769186,2001-04-17,102.612516178749,NA,NA,NA,NA,NA,NA,NA,NA,NA,NA
0.0372734999593962,2001-04-18,106.509418227683,NA,NA,NA,NA,NA,NA,NA,NA,NA,NA
-0.0252239464135417,2001-04-19,103.856430442211,NA,NA,NA,NA,NA,NA,NA,NA,NA,NA
-0.0180622916096503,2001-04-20,101.997385160977,NA,NA,NA,NA,NA,NA,NA,NA,NA,NA
-0.00557765831970403,2001-04-21,101.430062234563,NA,NA,NA,NA,NA,NA,NA,NA,NA,NA
0.00448753463653207,2001-04-22,101.886255979073,NA,NA,NA,NA,NA,NA,NA,NA,NA,NA
0.00972060004435265,2001-04-23,102.881480778016,NA,NA,NA,NA,NA,NA,NA,NA,NA,NA
-2.57207172742142e-05,2001-04-24,102.878834626566,NA,NA,NA,NA,NA,NA,NA,NA,NA,NA
0.0525712816883905,2001-04-25,108.431996336898,NA,NA,NA,NA,NA,NA,NA,NA,NA,NA
-0.0293681520865607,2001-04-26,105.293855227713,NA,NA,NA,NA,NA,NA,NA,NA,NA,NA
-0.00880194570443174,2001-04-27,104.371131271342,NA,NA,NA,NA,NA,NA,NA,NA,NA,NA
0.0249763141021866,2001-04-28,107.010764362699,NA,NA,NA,NA,NA,NA,NA,NA,NA,NA
0.095461932556942,2001-04-29,117.729705250282,NA,NA,NA,NA,NA,NA,NA,NA,NA,NA
-0.0709722464272876,2001-04-30,109.66377753144,NA,NA,NA,NA,NA,NA,NA,NA,NA,NA
-0.0369582206121149,2001-05-01,105.684780672486,NA,NA,NA,NA,NA,NA,NA,NA,NA,NA
-0.102085149340557,2001-05-02,95.4283541015191,NA,NA,NA,NA,NA,NA,NA,NA,NA,NA
-0.0759937829277381,2001-05-03,88.4450950144131,NA,NA,NA,NA,NA,NA,NA,NA,NA,NA
-0.0343367347933093,2001-05-04,85.459726456867,NA,NA,NA,NA,NA,NA,NA,NA,NA,NA
0.0691418253355476,2001-05-05,91.5776324572799,NA,NA,NA,NA,NA,NA,NA,NA,NA,NA
0.0270312228470537,2001-05-06,94.0868486533427,NA,NA,NA,NA,NA,NA,NA,NA,NA,NA
-0.0554513802068316,2001-05-07,89.0116177165607,NA,NA,NA,NA,NA,NA,NA,NA,NA,NA
-0.00815050312142455,2001-05-08,88.289076784484,NA,NA,NA,NA,NA,NA,NA,NA,NA,NA
-0.0388759957540052,2001-05-09,84.9226123189612,NA,NA,NA,NA,NA,NA,NA,NA,NA,NA
0.00808447359770499,2001-05-10,85.6119496463008,NA,NA,NA,NA,NA,NA,NA,NA,NA,NA
-0.0513594747541827,2001-05-11,81.3259698033861,NA,NA,NA,NA,NA,NA,NA,NA,NA,NA
-0.0980642381066193,2001-05-12,73.7293649820291,NA,NA,NA,NA,NA,NA,NA,NA,NA,NA
-0.0551003796723748,2001-05-13,69.7767444052397,NA,NA,NA,NA,NA,NA,NA,NA,NA,NA
0.0519214263648594,2001-05-14,73.495354923953,NA,NA,NA,NA,NA,NA,NA,NA,NA,NA
0.00730944058588975,2001-05-15,74.0345329985645,NA,NA,NA,NA,NA,NA,NA,NA,NA,NA
0.0374942533163908,2001-05-16,76.8630986482816,-0.0719969232922821,-0.0902223795751961,-0.000254553356365541,0.043616263940082,NA,NA,"norm",0,0.806611063929624,0
0.0239454979353297,2001-05-17,78.7258369109233,-0.070184797944791,-0.087974466901304,-0.000157853680458628,0.0425733591834055,NA,NA,"norm",0,0.714357638916636,0
-0.00266772762956668,2001-05-18,78.5160977085566,-0.0673096596723211,-0.0843509809132139,-0.000228498373381428,0.0407824503042657,NA,NA,"norm",0,0.476153178730445,0
0.0420739798712986,2001-05-19,81.8900627855272,-0.0630971271425225,-0.0790783457203341,-0.000188935575820432,0.0382454648461909,NA,NA,"norm",0,0.865429703970127,0
-0.0238217263873169,2001-05-20,79.962351975468,-0.062719971369774,-0.0786191722944633,-0.000134632669976043,0.0380491842400542,NA,NA,"norm",0,0.266793817629278,0
-0.0240226111395891,2001-05-21,78.0643364087182,-0.0602575803124747,-0.075506961789181,-0.00023017961461632,0.0364940683561683,NA,NA,"norm",0,0.257215621065511,0
-0.00350094725949659,2001-05-22,77.7915151292148,-0.05771483872697,-0.0723105040969388,-0.000260714770972629,0.0349296271805542,NA,NA,"norm",0,0.463045292012081,0
0.064106924656023,2001-05-23,82.9418110178945,-0.0539523823917835,-0.0676025512082846,-0.000220094666333829,0.032666911416936,NA,NA,"norm",0,0.975533771301409,0
0.015424489567608,2001-05-24,84.2310635871313,-0.0605822328019531,-0.0759407209095658,-0.000125346654982108,0.036755176969163,NA,NA,"norm",0,0.663876153450381,0
-0.0355461714668305,2001-05-25,81.2895610513934,-0.0576276528094499,-0.0722533514850473,-5.53062701950879e-05,0.0350015014077318,NA,NA,"norm",0,0.155295856120943,0
0.00701384180628815,2001-05-26,81.8617173343875,-0.0570628895420605,-0.0715413234647113,-7.02334215484522e-05,0.0346490746572634,NA,NA,"norm",0,0.58099988043429,0
-0.00950404659959836,2001-05-27,81.0873852308921,-0.0540627857761504,-0.0678068536614445,3.91246147301726e-05,0.0328916260416142,NA,NA,"norm",0,0.385854627917129,0
-0.0225737688000735,2001-05-28,79.2774428127355,-0.0513621049339933,-0.0644234046031158,5.2168495447083e-05,0.031257658789208,NA,NA,"norm",0,0.234578119203725,0
-0.019380926425984,2001-05-29,77.7557659111429,-0.0499947040736911,-0.0627137905017074,7.24870901916394e-05,0.0304386909227151,NA,NA,"norm",0,0.261378446859674,0
-0.0222920813706293,2001-05-30,76.0416051413202,-0.0485992343969787,-0.0609445321879277,-3.41833954334496e-06,0.0295441583744455,NA,NA,"norm",0,0.225298948796064,0
0.0339862628802244,2001-05-31,78.6703934380672,-0.047693205385924,-0.0597994514810933,-3.83882766744218e-05,0.0289720716350741,NA,NA,"norm",0,0.879881542535823,0
-0.0179774102756635,2001-06-01,77.2687402949941,-0.0484768655137964,-0.0607930718106321,4.43529089226549e-06,0.02947453804418,NA,NA,"norm",0,0.270904189300531,0
0.0708660958624429,2001-06-02,82.9431617510311,-0.047222427333615,-0.0592127832270505,-2.37984040015643e-05,0.028694728914627,NA,NA,"norm",0,0.993253499087184,0
0.0470081657121606,2001-06-03,86.9352632193473,-0.0556654192245495,-0.0698281865794486,8.46524948644188e-05,0.0338936369813888,NA,NA,"norm",0,0.916887242132478,0
0.0108884943317591,2001-06-04,87.8870295881186,-0.056927943263678,-0.0714333172746597,0.000170759353181871,0.0347135463492183,NA,NA,"norm",0,0.621243352959938,0
0.03572802748495,2001-06-05,91.0838273866317,-0.0545714082527949,-0.0684877930333678,0.000208807375298898,0.0333040063446995,NA,NA,"norm",0,0.856904534133142,0
0.0299228391544959,2001-06-06,93.8505010369926,-0.0543851269760495,-0.0682674278021276,0.000260921164861056,0.033222438304246,NA,NA,"norm",0,0.81402531378802,0
0.0553811411559398,2001-06-07,99.1946660188779,-0.0536584610457644,-0.067353751363626,0.000251442174870378,0.0327748939706872,NA,NA,"norm",0,0.953722464392393,0
0.0052825286824516,2001-06-08,99.7200511465283,-0.0565666910071626,-0.0710227328534004,0.000337821332216202,0.0345954870433329,NA,NA,"norm",0,0.556826975023269,0
0.00521917175168537,2001-06-09,100.241867761304,-0.0541887353406983,-0.0680351513871726,0.00031605657631092,0.0331365606178751,NA,NA,"norm",0,0.558815566884472,0
-0.0131960776292122,2001-06-10,98.9277579099165,-0.0518241518273722,-0.0650958988988687,0.000418523105921016,0.0317612911430413,NA,NA,"norm",0,0.334087563719545,0
0.0119262605354983,2001-06-11,100.114659706689,-0.0500416041577867,-0.0628618013731879,0.000423597755482705,0.030680664276979,NA,NA,"norm",0,0.646138419473391,0
0.0144105034692175,2001-06-12,101.567807506465,-0.0483061705650939,-0.0606844289987821,0.000419391194617229,0.0296230381605552,NA,NA,"norm",0,0.681645487989857,0
-0.0195339212075653,2001-06-13,99.6030422174764,-0.0466891785355925,-0.0586805974802162,0.000513634970276744,0.0286972729563503,NA,NA,"norm",0,0.242404928807223,0
0.0280371813572659,2001-06-14,102.435147378704,-0.0458018827619892,-0.0575634325297985,0.000496077704049974,0.0281471613689095,NA,NA,"norm",0,0.836078605843641,0
0.0913883108637684,2001-06-15,112.237616598028,-0.0456957661445935,-0.0574411830191916,0.000538689080483037,0.0281085529238041,NA,NA,"norm",0,0.999385577321456,0
0.0508349500217948,2001-06-16,118.090720954156,-0.0585252592682101,-0.0735218317734801,0.000506988580229544,0.0358890583825677,NA,NA,"norm",0,0.919590215730171,0
0.0141526777444169,2001-06-17,119.773903548055,-0.0599201402832873,-0.0752783621571264,0.000535697865676342,0.0367545398316146,NA,NA,"norm",0,0.644489162943173,0
-0.0576427431193894,2001-06-18,113.065023830617,-0.0575974760679908,-0.0723824821299869,0.000601965303410655,0.035382747995192,NA,NA,"norm",1,0.0498681918014201,0.00263616397159827
-0.0818539169728433,2001-06-19,104.178853615236,-0.0605814553314603,-0.0761304908340961,0.000625498275653727,0.0372111856059517,NA,NA,"norm",1,0.0133278830361171,0.733442339277659
0.0374857016753147,2001-06-20,108.158189173607,-0.0682856869862232,-0.0857629737606788,0.000511601475880719,0.0418257815375408,NA,NA,"norm",0,0.811652599046353,0
0.0297139233217563,2001-06-21,111.420217132797,-0.0670900668981157,-0.0842572207896808,0.00048641986397949,0.041083586803611,NA,NA,"norm",0,0.761586624321622,0
-0.0595790167995265,2001-06-22,104.97579256409,-0.0651644113046516,-0.0818677347500457,0.000586261335690339,0.0399735706344901,NA,NA,"norm",0,0.0661457860440944,0
-0.064310893056707,2001-06-23,98.4372100519985,-0.0676579681178107,-0.0849719623638627,0.000496538468292656,0.0414349979045972,NA,NA,"norm",0,0.0589000144583293,0
-0.055968605157155,2001-06-24,93.079156691654,-0.070715179375585,-0.0888093801667077,0.000510518719471638,0.0433021497645747,NA,NA,"norm",0,0.0960651463011019,0
-0.0261851570669876,2001-06-25,90.673498082529,-0.0720050861057139,-0.0904029866326362,0.000416090360745806,0.044028949007872,NA,NA,"norm",0,0.272863218581886,0
-0.00918083947903505,2001-06-26,89.8448489195164,-0.0695051411071804,-0.0872596591192215,0.000383435589133788,0.0424892376751138,NA,NA,"norm",0,0.410951219561041,0
-0.0740052685416736,2001-06-27,83.4359284421778,-0.0663043715840781,-0.0832419983884278,0.000368608733749704,0.0405342938881423,NA,NA,"norm",1,0.0332648215822717,0.334703568354567
0.0683848628156306,2001-06-28,89.3413008140674,-0.0715009106033579,-0.0897445599022347,0.000313074004981291,0.0436598025694464,NA,NA,"norm",0,0.940518495817801,0
-0.0155950219995149,2001-06-29,87.9588291191767,-0.0748672516056923,-0.0939081515189179,8.50164902252172e-05,0.0455677434561956,NA,NA,"norm",0,0.365384072934014,0
0.0123638857698981,2001-06-30,89.053092770678,-0.0713720939082821,-0.0895933658864477,0.000353805003012551,0.0436062502681345,NA,NA,"norm",0,0.608503626657919,0
-0.0127770548126243,2001-07-01,87.9224947605832,-0.0681692887861351,-0.0856097492530836,0.000483037237962733,0.0417376506329844,NA,NA,"norm",0,0.375355888051583,0
-0.0204794537470602,2001-07-02,86.1402025728871,-0.0652148781677424,-0.0818794632644891,0.000383305509018305,0.0398808639272898,NA,NA,"norm",0,0.300442916463271,0
-0.0420388338656093,2001-07-03,82.5940296318072,-0.0627844923106274,-0.0788267123613406,0.00036382439574755,0.0383914505653688,NA,NA,"norm",0,0.134692098032044,0
0.0431136554578235,2001-07-04,86.2328376967678,-0.0630422436216167,-0.0791251210405061,0.000266116043521249,0.0384887497755481,NA,NA,"norm",0,0.867199121246481,0
0.0342839291914485,2001-07-05,89.2405008620582,-0.0632006995168528,-0.0793419930286644,0.000337608243058801,0.0386285482907508,NA,NA,"norm",0,0.810241997126885,0
-0.038867840980284,2001-07-06,85.8384585656049,-0.0620995907428612,-0.0779838699575791,0.000427010396667659,0.0380134743389988,NA,NA,"norm",0,0.150636230091089,0
0.0727979383511587,2001-07-07,92.3203948247112,-0.0619684717174198,-0.077809401436813,0.000387489220742173,0.037909732462779,NA,NA,"norm",0,0.971938250008588,0
0.0305631277171616,2001-07-08,95.1855559588886,-0.0675719388752055,-0.0848551979142472,0.000461582175218574,0.0413614439216185,NA,NA,"norm",0,0.766622267497828,0
0.0160821247490239,2001-07-09,96.7287173416056,-0.0658495808974023,-0.0827053587729827,0.000501210717137225,0.0403384170648134,NA,NA,"norm",0,0.650346076458504,0
-0.0105150515040688,2001-07-10,95.7169386716177,-0.0632265536003598,-0.0794230316752121,0.000528981716160179,0.0387606132678704,NA,NA,"norm",0,0.387849165637737,0
0.0110069465118656,2001-07-11,96.7763094189695,-0.0606490763082754,-0.076177837800302,0.000478071035191353,0.0371626668427379,NA,NA,"norm",0,0.611533697362427,0
-0.0208770706298462,2001-07-12,94.7768476461963,-0.0581070539293465,-0.0729840820850031,0.000454621615136413,0.0356029707354688,NA,NA,"norm",0,0.274534817142389,0
0.0119414969499469,2001-07-13,95.915409620644,-0.0563619498617482,-0.0707802470163389,0.000393984928227699,0.0345051583071047,NA,NA,"norm",0,0.631059382835966,0
-0.00829568417832815,2001-07-14,95.1230169385735,-0.0538544827308991,-0.0676522335041331,0.000458744048774841,0.033020097283876,NA,NA,"norm",0,0.395456876893935,0
-0.0126540299013781,2001-07-15,93.9269111773982,-0.0513043072509904,-0.0644626445618846,0.00049194346810629,0.0314898844920897,NA,NA,"norm",0,0.338168593877202,0
0.0381608831500163,2001-07-16,97.5805140454584,-0.0491250120537947,-0.0617391472337206,0.000529050837804874,0.0301875267671246,NA,NA,"norm",0,0.893728272480449,0
0.0308796638017663,2001-07-17,100.640774242817,-0.0501651010495415,-0.0630688815256049,0.000629116560992225,0.030880691617937,NA,NA,"norm",0,0.836356772181151,0
-0.0214601411226928,2001-07-18,98.5040185681062,-0.0499045475834837,-0.0627724562857111,0.000748464998827701,0.030794845056329,NA,NA,"norm",0,0.235399589773476,0
0.032391457838983,2001-07-19,101.746945359028,-0.0490092634325954,-0.0616158984341409,0.00061527588694071,0.0301695777097862,NA,NA,"norm",0,0.853887349621299,0
-0.0226278336364419,2001-07-20,99.4704852188085,-0.0491844567865223,-0.0618448706923803,0.000651776878990115,0.0302982787336996,NA,NA,"norm",0,0.221140343698759,0
-0.0264674085681208,2001-07-21,96.8722946050503,-0.0484133290911817,-0.0608627339011416,0.000592292029834783,0.0297933021626016,NA,NA,"norm",0,0.181873662235351,0
0.00221359307273505,2001-07-22,97.0869679573927,-0.0481512316633896,-0.0605162495593199,0.000522210273188986,0.0295913515580038,NA,NA,"norm",0,0.522790337115428,0
-0.050350512779846,2001-07-23,92.3196157796485,-0.0461194032563043,-0.0579761366505083,0.00055323638542422,0.0283749501335449,NA,NA,"norm",1,0.0364091477771132,0.271817044457736
0.0217647641115887,2001-07-24,94.3509560737669,-0.0503586653861672,-0.0632430602087085,0.000359242874145404,0.0308342988271314,NA,NA,"norm",0,0.756225172511634,0
0.0132747196154953,2001-07-25,95.6117886454549,-0.0495215838903903,-0.0621538577934139,0.000203879956139004,0.0302309354654792,NA,NA,"norm",0,0.667262419776744,0
-0.0234875133012821,2001-07-26,93.3922729743129,-0.0477439299764092,-0.0599661257428598,0.000367309407371063,0.0292495566751118,NA,NA,"norm",0,0.207375386723365,0
-0.00975215211732203,2001-07-27,92.4859239316949,-0.0471605701672497,-0.0592344095582545,0.000366681753919471,0.0288945175074666,NA,NA,"norm",0,0.363094643085115,0
-0.0161153660182353,2001-07-28,91.0074246918726,-0.0456670127417973,-0.057372279777428,0.000409397353689599,0.0280124683075196,NA,NA,"norm",0,0.277626354076602,0
-0.0346462354294022,2001-07-29,87.9083555635936,-0.0446904334854349,-0.0561547526857865,0.000437513731234549,0.0274358438205279,NA,NA,"norm",0,0.100491501107109,0
0.0453370093302934,2001-07-30,91.9855838152207,-0.0460083742745838,-0.0578075115126923,0.000437544857471539,0.0282371138507546,NA,NA,"norm",0,0.944092389382459,0
-0.0359120668041021,2001-07-31,88.7408034871152,-0.0485250262762102,-0.0610147463900234,0.000639291307502056,0.0298897827612978,NA,NA,"norm",0,0.110689151184003,0
-0.0080234640432993,2001-08-01,88.0316436049714,-0.049458699783946,-0.0621686651950916,0.000572587567358901,0.0304168629545667,NA,NA,"norm",0,0.388738638214328,0
-0.0178856461112943,2001-08-02,86.4711377087527,-0.0477299795996555,-0.0600099673870799,0.000608751292906836,0.0293878616920778,NA,NA,"norm",0,0.26456947519699,0
0.00689532790583367,2001-08-03,87.0694449493827,-0.0467267866475832,-0.0587420429065326,0.000569859648866247,0.0287543192424409,NA,NA,"norm",0,0.587057895498174,0
-0.053473160964968,2001-08-04,82.5358593005162,-0.0452608971868378,-0.056884622220237,0.000494532385659805,0.0278173260056577,NA,NA,"norm",1,0.0261852996781199,0.476294006437603
-0.022206874731121,2001-08-05,80.7231970851177,-0.0498443506934524,-0.0626093234523263,0.000403466627179564,0.0305485038287327,NA,NA,"norm",0,0.229605819482237,0
0.00584096455187469,2001-08-06,81.1960781140353,-0.0490071291867213,-0.0615682735594127,0.000438341610567548,0.0300607117783056,NA,NA,"norm",0,0.57131526453778,0
-0.00317979740710293,2001-08-07,80.9383010919356,-0.0472712420797248,-0.0593963169970348,0.000457692478355996,0.0290171318444549,NA,NA,"norm",0,0.450120610381701,0
0.00233666065182053,2001-08-08,81.1276475684005,-0.045660272930558,-0.0573665978210971,0.000420301286638448,0.0280149999137619,NA,NA,"norm",0,0.527268283891608,0
-0.00753856191500335,2001-08-09,80.5183612310481,-0.0441183560378669,-0.0554298686308523,0.000408085900462679,0.0270701545771302,NA,NA,"norm",0,0.384548014901714,0
-0.0126338402656595,2001-08-10,79.5075040663148,-0.0428101219958826,-0.0537817729559481,0.000378494506558147,0.0262568144634763,NA,NA,"norm",0,0.310095616195331,0
-0.000289726899434801,2001-08-11,79.4844719403542,-0.0420113544085313,-0.0527516745678916,0.000266655543152602,0.02570320498976,NA,NA,"norm",0,0.491365001076723,0
-0.00831597443307516,2001-08-12,78.826221892615,-0.040759611042127,-0.0511695690020029,0.00021796687864655,0.0249125984521311,NA,NA,"norm",0,0.365966537451765,0
-0.0189327943088555,2001-08-13,77.3478601663359,-0.0398358046509022,-0.0499901892668045,0.000135738792352991,0.0243009729183851,NA,NA,"norm",0,0.216320054839617,0
-0.0133953214176444,2001-08-14,76.3186692791362,-0.0398354158563042,-0.0499590473729643,1.50716206000511e-05,0.0242273761165984,NA,NA,"norm",0,0.289952906215248,0
-0.031271318321785,2001-08-15,73.9690137643016,-0.0392505062674546,-0.049210751872262,-4.31682595398991e-05,0.0238363690029857,NA,NA,"norm",0,0.0950801312932459,0
-0.0325054045147755,2001-08-16,71.6032789337001,-0.04095423560215,-0.0513173660628521,-0.000160988636758415,0.0248005331884738,NA,NA,"norm",0,0.0960857203535757,0
-0.0178228837105795,2001-08-17,70.3384073322736,-0.0425407609461426,-0.0532882746352263,-0.000234434508849679,0.0257204201906417,NA,NA,"norm",0,0.247040594011278,0
0.0104669856972592,2001-08-18,71.0785049745639,-0.0421100842402566,-0.0527051450928313,-0.000403870503837954,0.0253555775742282,NA,NA,"norm",0,0.665942425265259,0
-0.029446304895051,2001-08-19,69.0160209393743,-0.0411763046906108,-0.0515388681499145,-0.000385289659687725,0.0247991762686654,NA,NA,"norm",0,0.120627828286504,0
-0.0295567063546543,2001-08-20,67.0059860090285,-0.0422407494335665,-0.0528754886905105,-0.000378346314531518,0.0254505339764619,NA,NA,"norm",0,0.125799665121148,0
-0.00609837355163355,2001-08-21,66.5986019288557,-0.0431969601328853,-0.0540546471151944,-0.000456949455431857,0.0259840814873398,NA,NA,"norm",0,0.414061008099882,0
0.0127513515121697,2001-08-22,67.4532615645984,-0.0419714502940875,-0.0524974918309196,-0.000536922994807773,0.0251904039486318,NA,NA,"norm",0,0.701081427724298,0
0.0267432783912157,2001-08-23,69.2815207761509,-0.0412260576110106,-0.0515589048884914,-0.000552016842697085,0.024728060966554,NA,NA,"norm",0,0.865164096655388,0
0.025335880076032,2001-08-24,71.0592542045786,-0.0420345006003444,-0.0525761103711533,-0.000538690774916353,0.0252276610790805,NA,NA,"norm",0,0.847470025122632,0
-0.0505793362484933,2001-08-25,67.554505369896,-0.0424881551559775,-0.053162034954821,-0.000471679886821322,0.0255442031927354,NA,NA,"norm",1,0.0249042000201443,0.501915999597115
-0.0322849491654288,2001-08-26,65.4083423915713,-0.0475081782351339,-0.0594262854766957,-0.000593947645383053,0.0285218270009231,NA,NA,"norm",0,0.133259639472854,0
0.000348896082205205,2001-08-27,65.4311670874672,-0.0481354654619023,-0.060206999749351,-0.000617287310382315,0.0288890010472171,NA,NA,"norm",0,0.513340009915503,0
0.000548575642920938,2001-08-28,65.4670708790916,-0.0463740790310059,-0.057969531489708,-0.000729941131072087,0.0277496654729877,NA,NA,"norm",0,0.518374059424722,0
0.00537198497661654,2001-08-29,65.8197053257589,-0.0447553186296195,-0.0559416230024421,-0.000721744157019743,0.0267705124341127,NA,NA,"norm",0,0.590032433471332,0
-0.0145585497696307,2001-08-30,64.8684074311718,-0.0434191575625196,-0.0542584025333991,-0.000751741698924406,0.0259399469742933,NA,NA,"norm",0,0.297272807277486,0
-0.031975759116684,2001-08-31,62.8270025296634,-0.0426324467010469,-0.0532536846382965,-0.000823189942635543,0.0254182232834295,NA,NA,"norm",0,0.110174658043365,0
0.0210753402021333,2001-09-01,64.1651544551848,-0.0438702739648039,-0.054803582639481,-0.000832587369401972,0.0261650555953521,NA,NA,"norm",0,0.798787231299746,0
0.0479991858085212,2001-09-02,67.3201423372336,-0.0437106593997122,-0.0546072003207111,-0.00081770475204029,0.0260770648189338,NA,NA,"norm",0,0.969398356711108,0
-0.0447554127035543,2001-09-03,64.3736295977138,-0.0479869219614563,-0.0600131199007236,-0.000647205024420145,0.0287805043326404,NA,NA,"norm",0,0.0626906184742925,0
-0.0339857301485059,2001-09-04,62.2226039202221,-0.0506626836805163,-0.0633685987800665,-0.000647339905510315,0.0304071699484306,NA,NA,"norm",0,0.136452104163934,0
-0.0157987820078337,2001-09-05,61.2472872592098,-0.0511656558291682,-0.0639776437775637,-0.000732768732125027,0.0306610182636823,NA,NA,"norm",0,0.311581135421135,0
0.0367597920961981,2001-09-06,63.5406177422692,-0.0496776302793236,-0.0620736578473421,-0.000882122407494395,0.029665562377283,NA,NA,"norm",0,0.897757319492336,0
0.0223673405024806,2001-09-07,64.9778661669659,-0.0508736114366579,-0.0635935633132621,-0.000803013535967331,0.0304407620716319,NA,NA,"norm",0,0.776719870386405,0
0.00933390223257367,2001-09-08,65.5872025362348,-0.0499636512443792,-0.0624610321569803,-0.000769177825218119,0.0299081162074809,NA,NA,"norm",0,0.632244536836122,0
0.0167524480253966,2001-09-09,66.6952036909834,-0.0482064449858592,-0.0602584471024351,-0.000765152932917533,0.0288422576183074,NA,NA,"norm",0,0.728193610727721,0
0.0410980099402266,2001-09-10,69.4933491004633,-0.0471145048390992,-0.0588921285166192,-0.00075327131372597,0.0281856286576076,NA,NA,"norm",0,0.93120751575962,0
-0.00111079954088136,2001-09-11,69.4161987773928,-0.049375570694601,-0.0617541753504124,-0.000648646072130096,0.029623866722281,NA,NA,"norm",0,0.493776468079435,0
0.0457517009603841,2001-09-12,72.6658803372088,-0.0473366249888794,-0.0592215755663823,-0.000552911716326421,0.0284424781062499,NA,NA,"norm",0,0.948238519997666,0
0.0143753368542978,2001-09-13,73.7180211655766,-0.0504632593232493,-0.0631579235669977,-0.00049220322184135,0.0303802449546973,NA,NA,"norm",0,0.687714303655936,0
0.00365772145812614,2001-09-14,73.9881548892285,-0.0488819863031052,-0.0611770953639633,-0.00048373229212323,0.0294240491785777,NA,NA,"norm",0,0.55596653079499,0
0.00582599701484535,2001-09-15,74.4204677626972,-0.0469756943133316,-0.0587926875466654,-0.000459487151438409,0.0282798459386961,NA,NA,"norm",0,0.587944332830454,0
-0.001130498127246,2001-09-16,74.3363831009942,-0.0453272920989079,-0.0567279985691808,-0.000449748929363113,0.0272836089693401,NA,NA,"norm",0,0.490047084243738,0
0.00469174892156198,2001-09-17,74.6859701923969,-0.0436174585119439,-0.0546103916766111,-0.00034506710851344,0.0263077459868756,NA,NA,"norm",0,0.57591642388131,0
0.0376189188794427,2001-09-18,77.5490917702208,-0.0422922734472676,-0.0529432375952581,-0.000366002948587463,0.0254893625862534,NA,NA,"norm",0,0.931917645502061,0
-0.00254223930075981,2001-09-19,77.3521938082985,-0.0446936809119527,-0.0559858193832126,-0.000243502930280043,0.027023789383652,NA,NA,"norm",0,0.466105479499685,0
-0.0291114018530503,2001-09-20,75.1328242259188,-0.0430946918850253,-0.0539989926093547,-0.000171191682140448,0.02609563519791,NA,NA,"norm",0,0.133713845061793,0
0.00156672802124093,2001-09-21,75.2506291870179,-0.0439753871061905,-0.0550953028674369,-0.000203143612486177,0.026611634480103,NA,NA,"norm",0,0.526513081974235,0
-0.0134023427981413,2001-09-22,74.248822731208,-0.0424660446895021,-0.0532196758592322,-0.000135637507518815,0.0257350602438937,NA,NA,"norm",0,0.303098010782941,0
-0.0216428488629471,2001-09-23,72.6591314587339,-0.0416302441333121,-0.0521748716693923,-0.000122555229022589,0.0252348830462311,NA,NA,"norm",0,0.196885272723837,0
0.0207449005057128,2001-09-24,74.1821810476829,-0.0417828450458628,-0.0523415390821938,-0.000219785014012455,0.0252685463015224,NA,NA,"norm",0,0.796638768943579,0
0.0036470488675351,2001-09-25,74.4532210346785,-0.0416636373253074,-0.0522125820354545,-0.000138954371915603,0.0252452146944847,NA,NA,"norm",0,0.559605520313196,0
-0.00994247208793981,2001-09-26,73.7166397498636,-0.0405004613850742,-0.0507474397028784,-0.000164433699972776,0.0245225636033397,NA,NA,"norm",0,0.345043727175784,0
0.0189142074116686,2001-09-27,75.1242010546679,-0.0396104225187569,-0.0496390300760774,-0.000133985706916233,0.0239999694592918,NA,NA,"norm",0,0.786307881641396,0
0.00759604192539636,2001-09-28,75.6970204613084,-0.0395535155650768,-0.0495754467622112,-0.000103359461650961,0.0239839919230635,NA,NA,"norm",0,0.625903335341352,0
0.00683421911456305,2001-09-29,76.2161222928371,-0.0385482009747706,-0.0483352974267439,-2.24442882715607e-05,0.0234219969821276,NA,NA,"norm",0,0.615141316003632,0
0.00129051265309773,2001-09-30,76.3145436563741,-0.0375671534756502,-0.0471254536831361,5.797364321754e-05,0.0228744530834644,NA,NA,"norm",0,0.521485719876813,0
-0.0181935682956068,2001-10-01,74.9386638280476,-0.0365138453030502,-0.0458110572621427,8.35385642136444e-05,0.0222496295522006,NA,NA,"norm",0,0.205693094379894,0
0.00233266189297385,2001-10-02,75.1136744343986,-0.0366674667339205,-0.045994581798015,4.76271971130875e-05,0.0223211921896542,NA,NA,"norm",0,0.540768755842079,0
-0.00590357461245567,2001-10-03,74.6715416190987,-0.0355979389986518,-0.0446579059305925,6.555765947104e-05,0.0216818664431683,NA,NA,"norm",0,0.391540854860714,0
0.00365009008604055,2001-10-04,74.9445975090065,-0.0346708820145096,-0.0434879246445709,3.63716359579834e-05,0.0211005119736965,NA,NA,"norm",0,0.567991168565657,0
0.0227860356582789,2001-10-05,76.6718921446957,-0.0337063137646704,-0.0422935923368579,9.65006343413126e-05,0.0205506519517247,NA,NA,"norm",0,0.865220478156995,0
-0.0129449701298648,2001-10-06,75.6857732016891,-0.0346041166818718,-0.0434315096985106,0.000143880050760225,0.0211252820088515,NA,NA,"norm",0,0.267766421302106,0
-0.0195452165957865,2001-10-07,74.2208412130134,-0.0341904230578671,-0.0428949157870734,7.37911153963224e-05,0.0208311630967236,NA,NA,"norm",0,0.173144839382251,0
-0.0399265983163055,2001-10-08,71.3158349127082,-0.0346752633679813,-0.0434768264684116,-2.89430694136616e-05,0.0210634671261176,NA,NA,"norm",1,0.0291016410297168,0.417967179405664
-0.0266516342089369,2001-10-09,69.4402560075928,-0.0392950753585901,-0.049233694518538,-0.000172867313043671,0.0237846136607635,NA,NA,"norm",0,0.132795611187896,0
5.59287998637342e-05,2001-10-10,69.4441398263812,-0.0401907272365503,-0.0503380936998132,-0.000246809927593732,0.0242841774212989,NA,NA,"norm",0,0.504973285605721,0
-0.00763222415126151,2001-10-11,68.9161440393478,-0.0387557862220652,-0.0485330077415848,-0.000268901048366189,0.0233983647803541,NA,NA,"norm",0,0.376497031023839,0
0.000468910836983261,2001-10-12,68.9484671438656,-0.0376237155170714,-0.0471024632188018,-0.000311737501778336,0.0226840719465391,NA,NA,"norm",0,0.513726467068818,0
0.00742672792579686,2001-10-13,69.4624348369766,-0.0363693172416379,-0.0455233230642785,-0.000335647525555596,0.0219069156827445,NA,NA,"norm",0,0.638455882610551,0
-0.0049252670877315,2001-10-14,69.1211549300912,-0.0355688192748208,-0.0444979591479789,-0.000420307981295781,0.0213687775724265,NA,NA,"norm",0,0.416513985934192,0
0.0191098182595635,2001-10-15,70.4547494291215,-0.0344813155068259,-0.0431203187001467,-0.000474893206506416,0.020674436766356,NA,NA,"norm",0,0.82825478636837,0
0.00388094616590315,2001-10-16,70.7287117915157,-0.0348712335003714,-0.0436275877301408,-0.000402872615987132,0.0209552754844618,NA,NA,"norm",0,0.580989984463537,0
-0.00662736970873827,2001-10-17,70.2615163180282,-0.0338342401091428,-0.0423172488320919,-0.000441871735794358,0.0203011184862917,NA,NA,"norm",0,0.380302067867965,0
-0.00237532038220129,2001-10-18,70.0948207622859,-0.0328732491369209,-0.0411030777249963,-0.000477494654306999,0.0196952202626414,NA,NA,"norm",0,0.461617444664173,0
0.0290519236370888,2001-10-19,72.1610792064381,-0.0317933486901298,-0.0397398421690955,-0.000512909615703759,0.0190171566404972,NA,NA,"norm",0,0.939984089508255,0
-0.00548930949746006,2001-10-20,71.7660499199454,-0.0348931122820573,-0.0436339130624489,-0.000485975725981804,0.0209180537357873,NA,NA,"norm",0,0.405480156903709,0
0.0630450131735382,2001-10-21,76.4362098692991,-0.0337395598831084,-0.0421977971559917,-0.000444701416062382,0.020241836672576,NA,NA,"norm",0,0.999145284749459,0
0.0395131517445799,2001-10-22,79.5169086770043,-0.0469951816921222,-0.0588799140617725,-0.000212327369174421,0.0284419559019691,NA,NA,"norm",0,0.9187512673768,0
0.0229553580173081,2001-10-23,81.36335967464,-0.0493153330831164,-0.0618252946466264,-7.13374079675815e-05,0.0299382236013403,NA,NA,"norm",0,0.779094998095825,0
0.0267830617223779,2001-10-24,83.5719641297514,-0.0482072752417713,-0.060438570595925,-6.02163988168148e-05,0.0292713333600322,NA,NA,"norm",0,0.820441796680337,0
0.0179704388422001,2001-10-25,85.0873644229046,-0.0478144447275753,-0.0599547444452339,-2.55795295229606e-05,0.0290535670864665,NA,NA,"norm",0,0.732176267427754,0
-0.0109882374735767,2001-10-26,84.157522275637,-0.046361555111702,-0.0581378309278571,-5.62728442330124e-06,0.028182403022203,NA,NA,"norm",0,0.348380146466701,0
-0.0277043489460296,2001-10-27,81.8579934644575,-0.0449114447440624,-0.0562947409065413,-0.000102435208082955,0.0272419434785983,NA,NA,"norm",0,0.155479019305854,0
-0.0222463260947354,2001-10-28,80.057060195505,-0.0452636448686005,-0.0567144184957965,-0.000189018211111568,0.0274034272222927,NA,NA,"norm",0,0.210435647793245,0
-0.0281191997609873,2001-10-29,77.8372752768067,-0.044675914640253,-0.0559705672943959,-0.000215839872695569,0.0270298062022446,NA,NA,"norm",0,0.150961547547689,0
0.018544692258181,2001-10-30,79.2942110520331,-0.0450526837203547,-0.0564296649509157,-0.00026853217282567,0.0272268308946923,NA,NA,"norm",0,0.755211277738844,0
-0.041856593549375,2001-10-31,76.0437271312336,-0.0441607246965811,-0.0553079581106551,-0.000280948468194527,0.0266770097408073,NA,NA,"norm",0,0.0595594910387271,0
-0.00863435359743022,2001-11-01,75.3899651698909,-0.04737674671656,-0.0593094363931056,-0.000405114082715365,0.0285567249657956,NA,NA,"norm",0,0.386607661467575,0
-0.0167925144542892,2001-11-02,74.1345483932083,-0.0453481079966039,-0.0567634535338165,-0.000412939857917394,0.0273186424630185,NA,NA,"norm",0,0.274394761852942,0
0.0299824382773258,2001-11-03,76.3909399460957,-0.044163848852672,-0.0552765614737737,-0.000419959674872969,0.0265943962800342,NA,NA,"norm",0,0.873519753684983,0
0.00775934951951391,2001-11-04,76.9859895627053,-0.0449193247263953,-0.0562484570288338,-0.00032352486944192,0.0271123211976047,NA,NA,"norm",0,0.617196311161104,0
-0.0179466102397107,2001-11-05,75.6166760344698,-0.0431346659787111,-0.0540258621912638,-0.000262750148646242,0.0260642741260342,NA,NA,"norm",0,0.248736480081688,0
0.0496618473054358,2001-11-06,79.4667494796888,-0.0423334019992214,-0.0530157129378421,-0.00028373853771048,0.0255643801810163,NA,NA,"norm",0,0.974632702843049,0
0.0415622077453704,2001-11-07,82.8391599942915,-0.0476613098419202,-0.059730208001577,-0.00015350849810828,0.0288826923960776,NA,NA,"norm",0,0.925674856362958,0
-0.014512171751861,2001-11-08,81.6456649254625,-0.0499312931375672,-0.0625843545696539,-0.000124001622256816,0.0302806831557541,NA,NA,"norm",0,0.317336459139271,0
0.00316410655854642,2001-11-09,81.9044096413863,-0.047992762536806,-0.0601289497564914,-0.000220085704431836,0.029043725258955,NA,NA,"norm",0,0.546380019155815,0
0.0128248815023086,2001-11-10,82.9615885968216,-0.0457633827914025,-0.0573495178777617,-0.000155921634321024,0.0277273675965983,NA,NA,"norm",0,0.680164380437662,0
-0.0547884770251537,2001-11-11,78.5385224025572,-0.0446266396258683,-0.0558919826893859,-0.000281938622384132,0.0269596639341529,NA,NA,"norm",1,0.0215994867270803,0.568010265458395
0.0106270789869445,2001-11-12,79.3776081018316,-0.0505491026083006,-0.0632670679577291,-0.000486324438722315,0.0304360080126785,NA,NA,"norm",0,0.642496541609999,0
-0.0381732635601617,2001-11-13,76.4046112547552,-0.0485711306056085,-0.0607827093140666,-0.000501684024724641,0.0292241484550661,NA,NA,"norm",0,0.0986892164420693,0
0.0350305405015179,2001-11-14,79.1285378469261,-0.0499681973883129,-0.0625268965176761,-0.0005323520044412,0.0300548599424587,NA,NA,"norm",0,0.881648119206026,0
-0.0487416373025334,2001-11-15,75.3641693334474,-0.0507464544849721,-0.0635166909789822,-0.000477917088665388,0.0305611007402969,NA,NA,"norm",0,0.0571389806011316,0
0.0212063367703006,2001-11-16,76.9794336758038,-0.0540221108869964,-0.0676059043637324,-0.000551101897515709,0.0325080652243704,NA,NA,"norm",0,0.748345882620585,0
0.0109028159470323,2001-11-17,77.8233182726361,-0.0524580918019776,-0.0656579306123129,-0.000498475300451097,0.0315892038356185,NA,NA,"norm",0,0.640921744186034,0
0.0970407633690643,2001-11-18,85.7539260960061,-0.0502579640154653,-0.0629043614290696,-0.000476904626901194,0.030264735155083,NA,NA,"norm",0,0.999363848589566,0
0.0699624144680829,2001-11-19,91.9683305690507,-0.0683776285207337,-0.0856846870019273,-0.00025042375909727,0.0414183995738889,NA,NA,"norm",0,0.954982097315664,0
0.029777355155423,2001-11-20,94.7480856936608,-0.0744753399886251,-0.0933511596006602,-0.000172891126492115,0.0451726814135086,NA,NA,"norm",0,0.746340099947215,0
-0.00820788417936053,2001-11-21,93.9735872250523,-0.0714110501761511,-0.0895107357418557,-0.000163761909580524,0.0433152756568488,NA,NA,"norm",0,0.426335708852855,0
-0.0335524502000128,2001-11-22,90.8728526277246,-0.0673217837339492,-0.0844371485444625,5.08413879333032e-05,0.0409596477266789,NA,NA,"norm",0,0.20599408144333,0
-0.0232771574242886,2001-11-23,88.7820196603754,-0.0654829780698718,-0.0821275253856805,3.63292336211977e-05,0.0398329104972852,NA,NA,"norm",0,0.279179048401793,0
0.0231660266954481,2001-11-24,90.862754422501,-0.0627964831552681,-0.0787364792756861,-5.05589547211526e-05,0.0381468132923405,NA,NA,"norm",0,0.728608978613187,0
0.0207770329249679,2001-11-25,92.7703614464631,-0.0602380815076,-0.0755297021451146,-4.44113099031841e-05,0.0365951530345336,NA,NA,"norm",0,0.715310823298823,0
0.0268979324797913,2001-11-26,95.2995549151586,-0.0578458581173287,-0.0725203713802704,-8.13586832903534e-05,0.0351183220728871,NA,NA,"norm",0,0.778827620673052,0
-0.0158693832744201,2001-11-27,93.7991465183909,-0.0563336978967094,-0.0706315890477747,-5.17272102015754e-05,0.0342170085923204,NA,NA,"norm",0,0.321942183974302,0
0.0288768187687159,2001-11-28,96.547254824566,-0.0538805570207498,-0.0675538256476307,-5.73396024576399e-05,0.0327221927449232,NA,NA,"norm",0,0.811715730416673,0
-0.00527053487935339,2001-11-29,96.0397377685198,-0.0530995392709022,-0.0665858510628637,-1.22554942501997e-05,0.0322747768596544,NA,NA,"norm",0,0.435289824486659,0
0.0477707506849144,2001-11-30,100.738977622782,-0.0503548051199471,-0.0631418395813723,-2.01444961194594e-05,0.0306013008082163,NA,NA,"norm",0,0.940823909608952,0
-0.039218363183259,2001-12-01,96.8646291890751,-0.0537582907492269,-0.0674182324923248,1.24669549370123e-05,0.0326902995033189,NA,NA,"norm",0,0.115054994297042,0
-0.00261659542692764,2001-12-02,96.6115049495911,-0.0548132518818109,-0.0687213464770146,-6.5669595585998e-05,0.0332841666815622,NA,NA,"norm",0,0.469454642339026,0
