Date,Close
02/05/2017 20:00:00,12507.9
03/05/2017 20:00:00,12527.84
04/05/2017 20:00:00,12647.78
05/05/2017 20:00:00,12716.89
08/05/2017 20:00:00,12694.55
09/05/2017 20:00:00,12749.12
10/05/2017 20:00:00,12757.46
11/05/2017 20:00:00,12711.06
12/05/2017 20:00:00,12770.41
15/05/2017 20:00:00,12807.04
16/05/2017 20:00:00,12804.53
17/05/2017 20:00:00,12631.61
18/05/2017 20:00:00,12590.06
19/05/2017 20:00:00,12638.69
22/05/2017 20:00:00,12619.46
23/05/2017 20:00:00,12659.15
24/05/2017 20:00:00,12642.87
25/05/2017 20:00:00,12621.72
26/05/2017 20:00:00,12602.18
29/05/2017 20:00:00,12628.95
30/05/2017 20:00:00,12598.68
31/05/2017 20:00:00,12615.06
01/06/2017 20:00:00,12664.92
02/06/2017 20:00:00,12822.94
06/06/2017 20:00:00,12690.12
07/06/2017 20:00:00,12672.49
08/06/2017 20:00:00,12713.58
09/06/2017 20:00:00,12815.72
12/06/2017 20:00:00,12690.44
13/06/2017 20:00:00,12764.98
14/06/2017 20:00:00,12805.95
15/06/2017 20:00:00,12691.81
16/06/2017 20:00:00,12752.73
19/06/2017 20:00:00,12888.95
20/06/2017 20:00:00,12814.79
21/06/2017 20:00:00,12774.26
22/06/2017 20:00:00,12794
23/06/2017 20:00:00,12733.41
26/06/2017 20:00:00,12770.83
27/06/2017 20:00:00,12671.02
28/06/2017 20:00:00,12647.27
29/06/2017 20:00:00,12416.19
30/06/2017 20:00:00,12325.12
03/07/2017 20:00:00,12475.31
04/07/2017 20:00:00,12437.13
05/07/2017 20:00:00,12453.68
06/07/2017 20:00:00,12381.25
07/07/2017 20:00:00,12388.68
10/07/2017 20:00:00,12445.92
11/07/2017 20:00:00,12437.02
12/07/2017 20:00:00,12626.58
13/07/2017 20:00:00,12641.33
14/07/2017 20:00:00,12631.72
17/07/2017 20:00:00,12587.16
18/07/2017 20:00:00,12430.39
19/07/2017 20:00:00,12452.05
20/07/2017 20:00:00,12447.25
21/07/2017 20:00:00,12240.06
24/07/2017 20:00:00,12208.95
25/07/2017 20:00:00,12264.31
26/07/2017 20:00:00,12305.11
27/07/2017 20:00:00,12212.04
28/07/2017 20:00:00,12162.7
31/07/2017 20:00:00,12118.25
01/08/2017 20:00:00,12251.29
02/08/2017 20:00:00,12181.48
03/08/2017 20:00:00,12154.72
04/08/2017 20:00:00,12297.72
07/08/2017 20:00:00,12257.17
08/08/2017 20:00:00,12292.05
09/08/2017 20:00:00,12154
10/08/2017 20:00:00,12014.3
11/08/2017 20:00:00,12014.06
14/08/2017 20:00:00,12165.12
15/08/2017 20:00:00,12177.04
16/08/2017 20:00:00,12263.86
17/08/2017 20:00:00,12203.46
18/08/2017 20:00:00,12165.19
21/08/2017 20:00:00,12065.99
22/08/2017 20:00:00,12229.34
23/08/2017 20:00:00,12174.3
24/08/2017 20:00:00,12180.83
25/08/2017 20:00:00,12167.94
28/08/2017 20:00:00,12123.47
29/08/2017 20:00:00,11945.88
30/08/2017 20:00:00,12002.47
31/08/2017 20:00:00,12055.84
01/09/2017 20:00:00,12142.64
04/09/2017 20:00:00,12102.21
05/09/2017 20:00:00,12123.71
06/09/2017 20:00:00,12214.54
07/09/2017 20:00:00,12296.63
08/09/2017 20:00:00,12303.98
11/09/2017 20:00:00,12475.24
12/09/2017 20:00:00,12524.77
13/09/2017 20:00:00,12553.57
14/09/2017 20:00:00,12540.45
15/09/2017 20:00:00,12518.81
18/09/2017 20:00:00,12559.39
19/09/2017 20:00:00,12561.79
20/09/2017 20:00:00,12569.17
21/09/2017 20:00:00,12600.03
22/09/2017 20:00:00,12592.35
25/09/2017 20:00:00,12594.81
26/09/2017 20:00:00,12605.2
27/09/2017 20:00:00,12657.41
28/09/2017 20:00:00,12704.65
29/09/2017 20:00:00,12828.86
02/10/2017 20:00:00,12902.65
04/10/2017 20:00:00,12970.52
05/10/2017 20:00:00,12968.05
06/10/2017 20:00:00,12955.94
09/10/2017 20:00:00,12976.4
10/10/2017 20:00:00,12949.25
11/10/2017 20:00:00,12970.68
12/10/2017 20:00:00,12982.89
13/10/2017 20:00:00,12991.87
16/10/2017 20:00:00,13003.7
17/10/2017 20:00:00,12995.06
18/10/2017 20:00:00,13043.03
19/10/2017 20:00:00,12990.1
20/10/2017 20:00:00,12991.28
23/10/2017 20:00:00,13003.14
24/10/2017 20:00:00,13013.19
25/10/2017 20:00:00,12953.41
26/10/2017 20:00:00,13133.28
27/10/2017 20:00:00,13217.54
30/10/2017 20:00:00,13229.57
01/11/2017 20:00:00,13465.51
02/11/2017 20:00:00,13440.93
03/11/2017 20:00:00,13478.86
06/11/2017 20:00:00,13468.79
07/11/2017 20:00:00,13379.27
08/11/2017 20:00:00,13382.42
09/11/2017 20:00:00,13182.56
10/11/2017 20:00:00,13127.47
13/11/2017 20:00:00,13074.42
14/11/2017 20:00:00,13033.48
15/11/2017 20:00:00,12976.37
16/11/2017 20:00:00,13047.22
17/11/2017 20:00:00,12993.73
20/11/2017 20:00:00,13058.66
21/11/2017 20:00:00,13167.54
22/11/2017 20:00:00,13015.04
23/11/2017 20:00:00,13008.55
24/11/2017 20:00:00,13059.84
27/11/2017 20:00:00,13000.2
28/11/2017 20:00:00,13059.53
29/11/2017 20:00:00,13061.87
30/11/2017 20:00:00,13023.98
01/12/2017 20:00:00,12861.49
04/12/2017 20:00:00,13058.55
05/12/2017 20:00:00,13048.54
06/12/2017 20:00:00,12998.85
07/12/2017 20:00:00,13045.15
08/12/2017 20:00:00,13153.7
11/12/2017 20:00:00,13123.65
12/12/2017 20:00:00,13183.53
13/12/2017 20:00:00,13125.64
14/12/2017 20:00:00,13068.08
15/12/2017 20:00:00,13103.56
18/12/2017 20:00:00,13312.3
19/12/2017 20:00:00,13215.79
20/12/2017 20:00:00,13069.17
21/12/2017 20:00:00,13109.74
22/12/2017 20:00:00,13072.79
27/12/2017 20:00:00,13070.02
28/12/2017 20:00:00,12979.94
29/12/2017 20:00:00,12917.64
02/01/2018 20:00:00,12871.39
03/01/2018 20:00:00,12978.21
04/01/2018 20:00:00,13167.89
05/01/2018 20:00:00,13319.64
08/01/2018 20:00:00,13367.78
09/01/2018 20:00:00,13385.59
10/01/2018 20:00:00,13281.34
11/01/2018 20:00:00,13202.9
12/01/2018 20:00:00,13245.03
15/01/2018 20:00:00,13200.51
16/01/2018 20:00:00,13246.33
17/01/2018 20:00:00,13183.96
18/01/2018 20:00:00,13281.43
19/01/2018 20:00:00,13434.45
22/01/2018 20:00:00,13463.69
23/01/2018 20:00:00,13559.6
24/01/2018 20:00:00,13414.74
25/01/2018 20:00:00,13298.36
26/01/2018 20:00:00,13340.17
29/01/2018 20:00:00,13324.48
30/01/2018 20:00:00,13197.71
31/01/2018 20:00:00,13189.48
01/02/2018 20:00:00,13003.9
02/02/2018 20:00:00,12785.16
05/02/2018 20:00:00,12687.49
06/02/2018 20:00:00,12392.66
07/02/2018 20:00:00,12590.43
08/02/2018 20:00:00,12260.29
09/02/2018 20:00:00,12107.48
12/02/2018 20:00:00,12282.77
13/02/2018 20:00:00,12196.5
14/02/2018 20:00:00,12339.16
15/02/2018 20:00:00,12346.17
16/02/2018 20:00:00,12451.96
19/02/2018 20:00:00,12385.6
20/02/2018 20:00:00,12487.9
21/02/2018 20:00:00,12470.49
22/02/2018 20:00:00,12461.91
23/02/2018 20:00:00,12483.79
26/02/2018 20:00:00,12527.04
27/02/2018 20:00:00,12490.73
28/02/2018 20:00:00,12435.85
01/03/2018 20:00:00,12190.94
02/03/2018 20:00:00,11913.71
05/03/2018 20:00:00,12090.87
06/03/2018 20:00:00,12113.87
07/03/2018 20:00:00,12245.36
08/03/2018 20:00:00,12355.57
09/03/2018 20:00:00,12346.68
12/03/2018 20:00:00,12418.39
13/03/2018 20:00:00,12221.03
14/03/2018 20:00:00,12237.74
15/03/2018 20:00:00,12345.56
16/03/2018 20:00:00,12389.58
19/03/2018 20:00:00,12217.02
20/03/2018 20:00:00,12307.33
21/03/2018 20:00:00,12309.15
22/03/2018 20:00:00,12100.08
23/03/2018 20:00:00,11886.31
26/03/2018 20:00:00,11787.26
27/03/2018 20:00:00,11970.83
28/03/2018 20:00:00,11940.71
29/03/2018 20:00:00,12096.73
03/04/2018 20:00:00,12002.45
04/04/2018 20:00:00,11957.9
05/04/2018 20:00:00,12305.19
06/04/2018 20:00:00,12241.27
09/04/2018 20:00:00,12261.75
10/04/2018 20:00:00,12397.32
11/04/2018 20:00:00,12293.97
12/04/2018 20:00:00,12415.01
13/04/2018 20:00:00,12442.4
16/04/2018 20:00:00,12391.41
17/04/2018 20:00:00,12585.57
18/04/2018 20:00:00,12590.83
19/04/2018 20:00:00,12567.42
20/04/2018 20:00:00,12540.5
23/04/2018 20:00:00,12572.39
24/04/2018 20:00:00,12550.82
25/04/2018 20:00:00,12422.3
26/04/2018 20:00:00,12500.47
27/04/2018 20:00:00,12580.87
30/04/2018 20:00:00,12612.11
02/05/2018 20:00:00,12802.25
03/05/2018 20:00:00,12690.15
04/05/2018 20:00:00,12819.6
07/05/2018 20:00:00,12948.14
08/05/2018 20:00:00,12912.21
09/05/2018 20:00:00,12943.06
10/05/2018 20:00:00,13022.87
11/05/2018 20:00:00,13001.24
14/05/2018 20:00:00,12977.71
15/05/2018 20:00:00,12970.04
16/05/2018 20:00:00,12996.33
17/05/2018 20:00:00,13114.61
18/05/2018 20:00:00,13077.72
22/05/2018 20:00:00,13169.92
23/05/2018 20:00:00,12976.84
24/05/2018 20:00:00,12855.09
25/05/2018 20:00:00,12938.01
28/05/2018 20:00:00,12863.46
29/05/2018 20:00:00,12666.51
30/05/2018 20:00:00,12783.76
31/05/2018 20:00:00,12604.89
01/06/2018 20:00:00,12724.27
04/06/2018 20:00:00,12770.75
05/06/2018 20:00:00,12787.13
06/06/2018 20:00:00,12830.07
07/06/2018 20:00:00,12811.05
08/06/2018 20:00:00,12766.55
11/06/2018 20:00:00,12842.91
12/06/2018 20:00:00,12842.3
13/06/2018 20:00:00,12890.58
14/06/2018 20:00:00,13107.1
15/06/2018 20:00:00,13010.55
18/06/2018 20:00:00,12834.11
19/06/2018 20:00:00,12677.97
20/06/2018 20:00:00,12695.16
21/06/2018 20:00:00,12511.91
22/06/2018 20:00:00,12579.72
25/06/2018 20:00:00,12270.33
26/06/2018 20:00:00,12234.34
27/06/2018 20:00:00,12348.61
28/06/2018 20:00:00,12177.23
29/06/2018 20:00:00,12306
02/07/2018 20:00:00,12238.17
03/07/2018 20:00:00,12349.14
04/07/2018 20:00:00,12317.61
05/07/2018 20:00:00,12464.29
06/07/2018 20:00:00,12496.17
09/07/2018 20:00:00,12543.89
10/07/2018 20:00:00,12609.85
11/07/2018 20:00:00,12417.13
12/07/2018 20:00:00,12492.97
13/07/2018 20:00:00,12540.73
16/07/2018 20:00:00,12561.02
17/07/2018 20:00:00,12661.54
18/07/2018 20:00:00,12765.94
19/07/2018 20:00:00,12686.29
20/07/2018 20:00:00,12561.42
23/07/2018 20:00:00,12548.57
24/07/2018 20:00:00,12689.39
25/07/2018 20:00:00,12579.33
26/07/2018 20:00:00,12809.23
27/07/2018 20:00:00,12860.4
30/07/2018 20:00:00,12798.2
31/07/2018 20:00:00,12805.5
01/08/2018 20:00:00,12737.05
02/08/2018 20:00:00,12546.33
03/08/2018 20:00:00,12615.76
06/08/2018 20:00:00,12598.21
07/08/2018 20:00:00,12648.19
08/08/2018 20:00:00,12633.54
09/08/2018 20:00:00,12676.11
10/08/2018 20:00:00,12424.35
13/08/2018 20:00:00,12358.74
14/08/2018 20:00:00,12358.87
15/08/2018 20:00:00,12163.01
16/08/2018 20:00:00,12237.17
17/08/2018 20:00:00,12210.55
20/08/2018 20:00:00,12331.3
21/08/2018 20:00:00,12384.49
22/08/2018 20:00:00,12385.7
23/08/2018 20:00:00,12365.58
24/08/2018 20:00:00,12394.52
27/08/2018 20:00:00,12538.31
28/08/2018 20:00:00,12527.42
29/08/2018 20:00:00,12561.68
30/08/2018 20:00:00,12494.24
31/08/2018 20:00:00,12364.06
03/09/2018 20:00:00,12346.41
04/09/2018 20:00:00,12210.21
05/09/2018 20:00:00,12040.46
06/09/2018 20:00:00,11955.25
07/09/2018 20:00:00,11959.63
10/09/2018 20:00:00,11986.34
11/09/2018 20:00:00,11970.27
12/09/2018 20:00:00,12032.3
13/09/2018 20:00:00,12055.55
14/09/2018 20:00:00,12124.33
17/09/2018 20:00:00,12096.41
18/09/2018 20:00:00,12157.67
19/09/2018 20:00:00,12219.02
20/09/2018 20:00:00,12326.48
21/09/2018 20:00:00,12430.88
24/09/2018 20:00:00,12350.82
25/09/2018 20:00:00,12374.66
26/09/2018 20:00:00,12385.89
27/09/2018 20:00:00,12435.59
28/09/2018 20:00:00,12246.73
01/10/2018 20:00:00,12339.03
02/10/2018 20:00:00,12287.58
04/10/2018 20:00:00,12244.14
05/10/2018 20:00:00,12111.9
08/10/2018 20:00:00,11947.16
09/10/2018 20:00:00,11977.22
10/10/2018 20:00:00,11712.5
11/10/2018 20:00:00,11539.35
12/10/2018 20:00:00,11523.81
15/10/2018 20:00:00,11614.16
16/10/2018 20:00:00,11776.55
17/10/2018 20:00:00,11715.03
18/10/2018 20:00:00,11589.21
19/10/2018 20:00:00,11553.83
22/10/2018 20:00:00,11524.34
23/10/2018 20:00:00,11274.28
24/10/2018 20:00:00,11191.63
25/10/2018 20:00:00,11307.12
26/10/2018 20:00:00,11200.62
29/10/2018 20:00:00,11335.48
30/10/2018 20:00:00,11287.39
31/10/2018 20:00:00,11447.51
01/11/2018 20:00:00,11468.54
02/11/2018 20:00:00,11518.99
05/11/2018 20:00:00,11494.96
06/11/2018 20:00:00,11484.34
07/11/2018 20:00:00,11579.1
08/11/2018 20:00:00,11527.32
09/11/2018 20:00:00,11529.16
12/11/2018 20:00:00,11325.44
13/11/2018 20:00:00,11472.22
14/11/2018 20:00:00,11412.53
15/11/2018 20:00:00,11353.67
16/11/2018 20:00:00,11341
19/11/2018 20:00:00,11244.54
20/11/2018 20:00:00,11066.41
21/11/2018 20:00:00,11244.17
22/11/2018 20:00:00,11138.49
23/11/2018 20:00:00,11192.69
26/11/2018 20:00:00,11354.72
27/11/2018 20:00:00,11309.11
28/11/2018 20:00:00,11298.88
29/11/2018 20:00:00,11298.23
30/11/2018 20:00:00,11257.24
03/12/2018 20:00:00,11465.46
04/12/2018 20:00:00,11335.32
05/12/2018 20:00:00,11200.24
06/12/2018 20:00:00,10810.98
07/12/2018 20:00:00,10788.09
10/12/2018 20:00:00,10622.07
11/12/2018 20:00:00,10780.51
12/12/2018 20:00:00,10929.43
13/12/2018 20:00:00,10924.7
14/12/2018 20:00:00,10865.77
17/12/2018 20:00:00,10772.2
18/12/2018 20:00:00,10740.89
19/12/2018 20:00:00,10766.21
20/12/2018 20:00:00,10611.1
21/12/2018 20:00:00,10633.82
27/12/2018 20:00:00,10381.51
28/12/2018 20:00:00,10558.96
02/01/2019 20:00:00,10580.19
03/01/2019 20:00:00,10416.66
04/01/2019 20:00:00,10767.69
07/01/2019 20:00:00,10747.81
08/01/2019 20:00:00,10803.98
09/01/2019 20:00:00,10893.32
10/01/2019 20:00:00,10921.59
11/01/2019 20:00:00,10887.46
14/01/2019 20:00:00,10855.91
15/01/2019 20:00:00,10891.79
16/01/2019 20:00:00,10931.24
17/01/2019 20:00:00,10918.62
18/01/2019 20:00:00,11205.54
21/01/2019 20:00:00,11136.2
22/01/2019 20:00:00,11090.11
23/01/2019 20:00:00,11071.54
24/01/2019 20:00:00,11130.18
25/01/2019 20:00:00,11281.79
28/01/2019 20:00:00,11210.31
29/01/2019 20:00:00,11218.83
30/01/2019 20:00:00,11181.66
31/01/2019 20:00:00,11173.1
01/02/2019 20:00:00,11180.66
04/02/2019 20:00:00,11176.58
05/02/2019 20:00:00,11367.98
06/02/2019 20:00:00,11324.72
07/02/2019 20:00:00,11022.02
08/02/2019 20:00:00,10906.78
11/02/2019 20:00:00,11014.59
12/02/2019 20:00:00,11126.08
13/02/2019 20:00:00,11167.22
14/02/2019 20:00:00,11089.79
15/02/2019 20:00:00,11299.8
18/02/2019 20:00:00,11299.2
19/02/2019 20:00:00,11309.21
20/02/2019 20:00:00,11401.97
21/02/2019 20:00:00,11423.28
22/02/2019 20:00:00,11457.7
25/02/2019 20:00:00,11505.39
26/02/2019 20:00:00,11540.79
27/02/2019 20:00:00,11487.33
28/02/2019 20:00:00,11515.64
01/03/2019 20:00:00,11601.68
04/03/2019 20:00:00,11592.66
05/03/2019 20:00:00,11620.74
06/03/2019 20:00:00,11587.63
07/03/2019 20:00:00,11517.8
08/03/2019 20:00:00,11457.84
11/03/2019 20:00:00,11543.48
12/03/2019 20:00:00,11524.17
13/03/2019 20:00:00,11572.41
14/03/2019 20:00:00,11587.47
15/03/2019 20:00:00,11685.69
18/03/2019 20:00:00,11657.06
19/03/2019 20:00:00,11788.41
20/03/2019 20:00:00,11603.89
21/03/2019 20:00:00,11549.96
22/03/2019 20:00:00,11364.17
25/03/2019 20:00:00,11346.65
26/03/2019 20:00:00,11419.48
27/03/2019 20:00:00,11419.04
28/03/2019 20:00:00,11428.16
29/03/2019 20:00:00,11526.04
01/04/2019 20:00:00,11681.99
02/04/2019 20:00:00,11754.79
03/04/2019 20:00:00,11954.4
04/04/2019 20:00:00,11988.01
05/04/2019 20:00:00,12009.75
08/04/2019 20:00:00,11963.4
09/04/2019 20:00:00,11850.57
10/04/2019 20:00:00,11905.91
11/04/2019 20:00:00,11935.2
12/04/2019 20:00:00,11999.93
15/04/2019 20:00:00,12020.28
16/04/2019 20:00:00,12101.32
17/04/2019 20:00:00,12153.07
18/04/2019 20:00:00,12222.39
23/04/2019 20:00:00,12235.51
24/04/2019 20:00:00,12313.16
25/04/2019 20:00:00,12282.6
26/04/2019 20:00:00,12315.18
29/04/2019 20:00:00,12328.02
30/04/2019 20:00:00,12344.08
02/05/2019 20:00:00,12345.42
03/05/2019 20:00:00,12412.75
06/05/2019 20:00:00,12286.88
07/05/2019 20:00:00,12092.74
08/05/2019 20:00:00,12179.93
09/05/2019 20:00:00,11973.92
10/05/2019 20:00:00,12059.83
13/05/2019 20:00:00,11876.65
14/05/2019 20:00:00,11991.62
15/05/2019 20:00:00,12099.57
16/05/2019 20:00:00,12310.37
17/05/2019 20:00:00,12238.94
20/05/2019 20:00:00,12041.29
21/05/2019 20:00:00,12143.47
22/05/2019 20:00:00,12168.74
23/05/2019 20:00:00,11952.41
24/05/2019 20:00:00,12011.04
27/05/2019 20:00:00,12071.18
28/05/2019 20:00:00,12027.05
29/05/2019 20:00:00,11837.81
30/05/2019 20:00:00,11902.08
31/05/2019 20:00:00,11726.84
03/06/2019 20:00:00,11792.81
04/06/2019 20:00:00,11971.17
05/06/2019 20:00:00,11980.81
06/06/2019 20:00:00,11953.14
07/06/2019 20:00:00,12045.38
11/06/2019 20:00:00,12155.81
12/06/2019 20:00:00,12115.68
13/06/2019 20:00:00,12169.05
14/06/2019 20:00:00,12096.4
17/06/2019 20:00:00,12085.82
18/06/2019 20:00:00,12331.75
19/06/2019 20:00:00,12308.53
20/06/2019 20:00:00,12355.39
21/06/2019 20:00:00,12339.92
24/06/2019 20:00:00,12274.57
25/06/2019 20:00:00,12228.44
26/06/2019 20:00:00,12245.32
27/06/2019 20:00:00,12271.03
28/06/2019 20:00:00,12398.8
01/07/2019 20:00:00,12521.38
02/07/2019 20:00:00,12526.72
03/07/2019 20:00:00,12616.24
04/07/2019 20:00:00,12629.9
05/07/2019 20:00:00,12568.53
08/07/2019 20:00:00,12543.51
09/07/2019 20:00:00,12436.55
10/07/2019 20:00:00,12373.41
11/07/2019 20:00:00,12332.12
12/07/2019 20:00:00,12323.32
15/07/2019 20:00:00,12387.34
16/07/2019 20:00:00,12430.97
17/07/2019 20:00:00,12341.03
18/07/2019 20:00:00,12227.85
19/07/2019 20:00:00,12260.07
22/07/2019 20:00:00,12289.4
23/07/2019 20:00:00,12490.74
24/07/2019 20:00:00,12522.89
25/07/2019 20:00:00,12362.1
26/07/2019 20:00:00,12419.9
29/07/2019 20:00:00,12417.47
30/07/2019 20:00:00,12147.24
31/07/2019 20:00:00,12189.04
01/08/2019 20:00:00,12253.15
02/08/2019 20:00:00,11872.44
05/08/2019 20:00:00,11658.51
06/08/2019 20:00:00,11567.96
07/08/2019 20:00:00,11650.15
08/08/2019 20:00:00,11845.41
09/08/2019 20:00:00,11693.8
12/08/2019 20:00:00,11679.68
13/08/2019 20:00:00,11750.13
14/08/2019 20:00:00,11492.66
15/08/2019 20:00:00,11412.67
16/08/2019 20:00:00,11562.74
19/08/2019 20:00:00,11715.37
20/08/2019 20:00:00,11651.18
21/08/2019 20:00:00,11802.85
22/08/2019 20:00:00,11747.04
23/08/2019 20:00:00,11611.51
26/08/2019 20:00:00,11658.04
27/08/2019 20:00:00,11730.02
28/08/2019 20:00:00,11701.02
29/08/2019 20:00:00,11838.88
30/08/2019 20:00:00,11939.28
02/09/2019 20:00:00,11953.78
03/09/2019 20:00:00,11910.86
04/09/2019 20:00:00,12025.04
05/09/2019 20:00:00,12126.78
06/09/2019 20:00:00,12191.73
09/09/2019 20:00:00,12226.1
10/09/2019 20:00:00,12268.71
11/09/2019 20:00:00,12359.07
12/09/2019 20:00:00,12410.25
13/09/2019 20:00:00,12468.53
16/09/2019 20:00:00,12380.31
17/09/2019 20:00:00,12372.61
18/09/2019 20:00:00,12389.62
19/09/2019 20:00:00,12457.7
20/09/2019 20:00:00,12468.01
23/09/2019 20:00:00,12342.33
24/09/2019 20:00:00,12307.15
25/09/2019 20:00:00,12234.18
26/09/2019 20:00:00,12288.54
27/09/2019 20:00:00,12380.94
30/09/2019 20:00:00,12428.08
01/10/2019 20:00:00,12263.83
02/10/2019 20:00:00,11925.25
04/10/2019 20:00:00,12012.81
07/10/2019 20:00:00,12097.43
08/10/2019 20:00:00,11970.2
09/10/2019 20:00:00,12094.26
10/10/2019 20:00:00,12164.2
11/10/2019 20:00:00,12511.65
14/10/2019 20:00:00,12486.56
15/10/2019 20:00:00,12629.79
16/10/2019 20:00:00,12670.11
17/10/2019 20:00:00,12654.95
18/10/2019 20:00:00,12633.6
21/10/2019 20:00:00,12747.96
22/10/2019 20:00:00,12754.69
23/10/2019 20:00:00,12798.19
24/10/2019 20:00:00,12872.1
25/10/2019 20:00:00,12894.51
28/10/2019 20:00:00,12941.71
29/10/2019 20:00:00,12939.62
30/10/2019 20:00:00,12910.23
31/10/2019 20:00:00,12866.79
01/11/2019 20:00:00,12961.05
04/11/2019 20:00:00,13136.28
05/11/2019 20:00:00,13148.5
06/11/2019 20:00:00,13179.89
07/11/2019 20:00:00,13289.46
08/11/2019 20:00:00,13228.56
11/11/2019 20:00:00,13198.37
12/11/2019 20:00:00,13283.51
13/11/2019 20:00:00,13230.07
14/11/2019 20:00:00,13180.23
15/11/2019 20:00:00,13241.75
18/11/2019 20:00:00,13207.01
19/11/2019 20:00:00,13221.12
20/11/2019 20:00:00,13158.14
21/11/2019 20:00:00,13137.7
22/11/2019 20:00:00,13163.88
25/11/2019 20:00:00,13246.45
26/11/2019 20:00:00,13236.42
27/11/2019 20:00:00,13287.07
28/11/2019 20:00:00,13245.58
29/11/2019 20:00:00,13236.38
02/12/2019 20:00:00,12964.68
03/12/2019 20:00:00,12989.29
04/12/2019 20:00:00,13140.57
05/12/2019 20:00:00,13054.8
06/12/2019 20:00:00,13166.58
09/12/2019 20:00:00,13105.61
10/12/2019 20:00:00,13070.72
11/12/2019 20:00:00,13146.74
12/12/2019 20:00:00,13221.64
13/12/2019 20:00:00,13282.72
16/12/2019 20:00:00,13407.66
17/12/2019 20:00:00,13287.83
18/12/2019 20:00:00,13222.16
19/12/2019 20:00:00,13211.96
20/12/2019 20:00:00,13318.9
23/12/2019 20:00:00,13300.98
27/12/2019 20:00:00,13337.11
30/12/2019 20:00:00,13249.01
02/01/2020 20:00:00,13385.93
03/01/2020 20:00:00,13219.14
06/01/2020 20:00:00,13126.99
07/01/2020 20:00:00,13226.83
08/01/2020 20:00:00,13320.18
09/01/2020 20:00:00,13495.06
10/01/2020 20:00:00,13483.31
13/01/2020 20:00:00,13451.52
14/01/2020 20:00:00,13456.49
15/01/2020 20:00:00,13432.3
16/01/2020 20:00:00,13429.43
17/01/2020 20:00:00,13526.13
20/01/2020 20:00:00,13548.94
21/01/2020 20:00:00,13555.87
22/01/2020 20:00:00,13515.75
23/01/2020 20:00:00,13388.42
24/01/2020 20:00:00,13576.68
27/01/2020 20:00:00,13204.77
28/01/2020 20:00:00,13323.69
29/01/2020 20:00:00,13345
30/01/2020 20:00:00,13157.12
31/01/2020 20:00:00,12981.97
03/02/2020 20:00:00,13045.19
04/02/2020 20:00:00,13281.74
05/02/2020 20:00:00,13478.33
06/02/2020 20:00:00,13574.82
07/02/2020 20:00:00,13513.81
10/02/2020 20:00:00,13494.03
11/02/2020 20:00:00,13627.84
12/02/2020 20:00:00,13749.78
13/02/2020 20:00:00,13745.43
14/02/2020 20:00:00,13744.21
17/02/2020 20:00:00,13783.89
18/02/2020 20:00:00,13681.19
19/02/2020 20:00:00,13789
20/02/2020 20:00:00,13664
21/02/2020 20:00:00,13579.33
24/02/2020 20:00:00,13035.24
25/02/2020 20:00:00,12790.49
26/02/2020 20:00:00,12774.88
27/02/2020 20:00:00,12367.46
28/02/2020 20:00:00,11890.35
02/03/2020 20:00:00,11857.87
03/03/2020 20:00:00,11985.39
04/03/2020 20:00:00,12127.69
05/03/2020 20:00:00,11944.72
06/03/2020 20:00:00,11541.87
09/03/2020 20:00:00,10625.02
10/03/2020 20:00:00,10475.49
11/03/2020 20:00:00,10438.68
12/03/2020 20:00:00,9161.13
13/03/2020 20:00:00,9232.08
16/03/2020 20:00:00,8742.25
17/03/2020 20:00:00,8939.1
18/03/2020 20:00:00,8441.71
19/03/2020 20:00:00,8610.43
20/03/2020 20:00:00,8928.95
23/03/2020 20:00:00,8741.15
24/03/2020 20:00:00,9700.57
25/03/2020 20:00:00,9874.26
26/03/2020 20:00:00,10000.96
27/03/2020 20:00:00,9632.52
30/03/2020 20:00:00,9815.97
31/03/2020 20:00:00,9935.84
01/04/2020 20:00:00,9544.75
02/04/2020 20:00:00,9570.82
03/04/2020 20:00:00,9525.77
06/04/2020 20:00:00,10075.17
07/04/2020 20:00:00,10356.7
08/04/2020 20:00:00,10332.89
09/04/2020 20:00:00,10564.74
14/04/2020 20:00:00,10696.56
15/04/2020 20:00:00,10279.76
16/04/2020 20:00:00,10301.54
17/04/2020 20:00:00,10625.78
20/04/2020 20:00:00,10675.9
21/04/2020 20:00:00,10249.85
22/04/2020 20:00:00,10415.03
23/04/2020 20:00:00,10513.79
24/04/2020 20:00:00,10336.09
27/04/2020 20:00:00,10659.99
28/04/2020 20:00:00,10795.63
29/04/2020 20:00:00,11107.74
30/04/2020 20:00:00,10861.64
04/05/2020 20:00:00,10466.8
05/05/2020 20:00:00,10729.46
06/05/2020 20:00:00,10606.2
07/05/2020 20:00:00,10759.27
08/05/2020 20:00:00,10904.48
11/05/2020 20:00:00,10824.99
12/05/2020 20:00:00,10819.5
13/05/2020 20:00:00,10542.66
14/05/2020 20:00:00,10337.02
15/05/2020 20:00:00,10465.17
18/05/2020 20:00:00,11058.87
19/05/2020 20:00:00,11075.29
20/05/2020 20:00:00,11223.71
21/05/2020 20:00:00,11065.93
22/05/2020 20:00:00,11073.87
25/05/2020 20:00:00,11391.28
26/05/2020 20:00:00,11504.65
27/05/2020 20:00:00,11657.69
28/05/2020 20:00:00,11781.13
29/05/2020 20:00:00,11586.85
02/06/2020 20:00:00,12021.28
03/06/2020 20:00:00,12487.36
04/06/2020 20:00:00,12430.56
05/06/2020 20:00:00,12847.68
08/06/2020 20:00:00,12819.59
09/06/2020 20:00:00,12617.99
10/06/2020 20:00:00,12530.16
11/06/2020 20:00:00,11970.29
12/06/2020 20:00:00,11949.28
15/06/2020 20:00:00,11911.35
16/06/2020 20:00:00,12315.66
17/06/2020 20:00:00,12382.14
18/06/2020 20:00:00,12281.53
19/06/2020 20:00:00,12330.76
22/06/2020 20:00:00,12262.97
23/06/2020 20:00:00,12523.76
24/06/2020 20:00:00,12093.94
25/06/2020 20:00:00,12177.87
26/06/2020 20:00:00,12089.39
29/06/2020 20:00:00,12232.12
30/06/2020 20:00:00,12310.93
01/07/2020 20:00:00,12260.57
02/07/2020 20:00:00,12608.46
03/07/2020 20:00:00,12528.18
06/07/2020 20:00:00,12733.45
07/07/2020 20:00:00,12616.8
08/07/2020 20:00:00,12494.81
09/07/2020 20:00:00,12489.46
10/07/2020 20:00:00,12633.71
13/07/2020 20:00:00,12799.97
14/07/2020 20:00:00,12697.36
15/07/2020 20:00:00,12930.98
16/07/2020 20:00:00,12874.97
17/07/2020 20:00:00,12919.61
20/07/2020 20:00:00,13046.92
21/07/2020 20:00:00,13171.83
22/07/2020 20:00:00,13104.25
23/07/2020 20:00:00,13103.39
24/07/2020 20:00:00,12838.06
27/07/2020 20:00:00,12838.66
28/07/2020 20:00:00,12835.28
29/07/2020 20:00:00,12822.26
30/07/2020 20:00:00,12379.65
31/07/2020 20:00:00,12313.36
03/08/2020 20:00:00,12646.98
04/08/2020 20:00:00,12600.87
05/08/2020 20:00:00,12660.25
06/08/2020 20:00:00,12591.68
07/08/2020 20:00:00,12674.88
10/08/2020 20:00:00,12687.53
11/08/2020 20:00:00,12946.89
12/08/2020 20:00:00,13058.63
13/08/2020 20:00:00,12993.71
14/08/2020 20:00:00,12901.34
17/08/2020 20:00:00,12920.66
18/08/2020 20:00:00,12881.76
19/08/2020 20:00:00,12977.33
20/08/2020 20:00:00,12830
21/08/2020 20:00:00,12764.8
24/08/2020 20:00:00,13066.54
25/08/2020 20:00:00,13061.62
26/08/2020 20:00:00,13190.15
27/08/2020 20:00:00,13096.36
28/08/2020 20:00:00,13033.2
31/08/2020 20:00:00,12945.38
01/09/2020 20:00:00,12974.25
02/09/2020 20:00:00,13243.43
03/09/2020 20:00:00,13057.77
04/09/2020 20:00:00,12842.66
07/09/2020 20:00:00,13100.28
08/09/2020 20:00:00,12968.33
09/09/2020 20:00:00,13237.21
10/09/2020 20:00:00,13208.89
11/09/2020 20:00:00,13202.84
14/09/2020 20:00:00,13193.66
15/09/2020 20:00:00,13217.67
16/09/2020 20:00:00,13255.37
17/09/2020 20:00:00,13208.12
18/09/2020 20:00:00,13116.25
21/09/2020 20:00:00,12542.44
22/09/2020 20:00:00,12594.39
23/09/2020 20:00:00,12642.97
24/09/2020 20:00:00,12606.57
25/09/2020 20:00:00,12469.2
28/09/2020 20:00:00,12870.87
29/09/2020 20:00:00,12825.82
30/09/2020 20:00:00,12760.73
01/10/2020 20:00:00,12730.77
02/10/2020 20:00:00,12689.04
05/10/2020 20:00:00,12828.31
06/10/2020 20:00:00,12906.02
07/10/2020 20:00:00,12928.57
08/10/2020 20:00:00,13042.21
09/10/2020 20:00:00,13051.23
12/10/2020 20:00:00,13138.41
13/10/2020 20:00:00,13018.99
14/10/2020 20:00:00,13028.06
15/10/2020 20:00:00,12703.75
16/10/2020 20:00:00,12908.99
19/10/2020 20:00:00,12854.66
20/10/2020 20:00:00,12736.95
21/10/2020 20:00:00,12557.64
22/10/2020 20:00:00,12543.06
23/10/2020 20:00:00,12645.75
26/10/2020 20:00:00,12177.18
27/10/2020 20:00:00,12063.57
28/10/2020 20:00:00,11560.51
29/10/2020 20:00:00,11598.07
30/10/2020 20:00:00,11556.48
02/11/2020 20:00:00,11788.28
03/11/2020 20:00:00,12088.98
04/11/2020 20:00:00,12324.22
05/11/2020 20:00:00,12568.09
06/11/2020 20:00:00,12480.02
09/11/2020 20:00:00,13095.97
10/11/2020 20:00:00,13163.11
11/11/2020 20:00:00,13216.18
12/11/2020 20:00:00,13052.95
13/11/2020 20:00:00,13076.72
16/11/2020 20:00:00,13138.61
17/11/2020 20:00:00,13133.47
18/11/2020 20:00:00,13201.89
19/11/2020 20:00:00,13086.16
20/11/2020 20:00:00,13137.25
23/11/2020 20:00:00,13126.97
24/11/2020 20:00:00,13292.44
25/11/2020 20:00:00,13289.8
26/11/2020 20:00:00,13286.57
27/11/2020 20:00:00,13335.68
30/11/2020 20:00:00,13291.16
01/12/2020 20:00:00,13382.3
02/12/2020 20:00:00,13313.24
03/12/2020 20:00:00,13252.86
04/12/2020 20:00:00,13298.96
07/12/2020 20:00:00,13271
08/12/2020 20:00:00,13278.49
09/12/2020 20:00:00,13340.26
10/12/2020 20:00:00,13295.73
11/12/2020 20:00:00,13114.3
14/12/2020 20:00:00,13223.16
15/12/2020 20:00:00,13362.87
16/12/2020 20:00:00,13565.98
17/12/2020 20:00:00,13667.25
18/12/2020 20:00:00,13630.51
21/12/2020 20:00:00,13246.3
22/12/2020 20:00:00,13418.11
23/12/2020 20:00:00,13587.23
28/12/2020 20:00:00,13790.29
29/12/2020 20:00:00,13761.38
30/12/2020 20:00:00,13718.78
04/01/2021 20:00:00,13726.74
05/01/2021 20:00:00,13651.22
06/01/2021 20:00:00,13891.97
07/01/2021 20:00:00,13968.24
08/01/2021 20:00:00,14049.53
11/01/2021 20:00:00,13936.66
12/01/2021 20:00:00,13925.06
13/01/2021 20:00:00,13939.71
14/01/2021 20:00:00,13988.7
15/01/2021 20:00:00,13787.73
18/01/2021 20:00:00,13848.35
19/01/2021 20:00:00,13815.06
20/01/2021 20:00:00,13921.37
21/01/2021 20:00:00,13906.67
22/01/2021 20:00:00,13873.97
25/01/2021 20:00:00,13643.95
26/01/2021 20:00:00,13870.99
27/01/2021 20:00:00,13620.46
28/01/2021 20:00:00,13665.93
29/01/2021 20:00:00,13432.87
01/02/2021 20:00:00,13622.02
02/02/2021 20:00:00,13835.16
03/02/2021 20:00:00,13933.63
04/02/2021 20:00:00,14060.29
05/02/2021 20:00:00,14056.72
08/02/2021 20:00:00,14059.91
09/02/2021 20:00:00,14011.8
10/02/2021 20:00:00,13932.97
11/02/2021 20:00:00,14040.91
12/02/2021 20:00:00,14049.89
15/02/2021 20:00:00,14109.48
16/02/2021 20:00:00,14064.6
17/02/2021 20:00:00,13909.27
18/02/2021 20:00:00,13886.93
19/02/2021 20:00:00,13993.23
22/02/2021 20:00:00,13950.04
23/02/2021 20:00:00,13864.81
24/02/2021 20:00:00,13976
25/02/2021 20:00:00,13879.33
26/02/2021 20:00:00,13786.29
01/03/2021 20:00:00,14012.82
02/03/2021 20:00:00,14039.8
03/03/2021 20:00:00,14080.03
04/03/2021 20:00:00,14056.34
05/03/2021 20:00:00,13920.69
08/03/2021 20:00:00,14380.91
09/03/2021 20:00:00,14437.94
10/03/2021 20:00:00,14540.25
11/03/2021 20:00:00,14569.39
12/03/2021 20:00:00,14502.39
15/03/2021 20:00:00,14461.42
16/03/2021 20:00:00,14557.58
17/03/2021 20:00:00,14596.61
18/03/2021 20:00:00,14775.52
19/03/2021 20:00:00,14621
22/03/2021 20:00:00,14657.21
23/03/2021 20:00:00,14662.02
24/03/2021 20:00:00,14610.39
25/03/2021 20:00:00,14621.36
26/03/2021 20:00:00,14748.94
29/03/2021 20:00:00,14817.72
30/03/2021 20:00:00,15008.61
31/03/2021 20:00:00,15008.34
01/04/2021 20:00:00,15107.17
06/04/2021 20:00:00,15212.68
07/04/2021 20:00:00,15176.36
08/04/2021 20:00:00,15202.68
09/04/2021 20:00:00,15234.16
12/04/2021 20:00:00,15215
13/04/2021 20:00:00,15234.36
14/04/2021 20:00:00,15209.15
15/04/2021 20:00:00,15255.33
16/04/2021 20:00:00,15459.75
19/04/2021 20:00:00,15368.39
20/04/2021 20:00:00,15129.51
21/04/2021 20:00:00,15195.97
22/04/2021 20:00:00,15320.52
23/04/2021 20:00:00,15279.62
26/04/2021 20:00:00,15296.34
27/04/2021 20:00:00,15249.27
28/04/2021 20:00:00,15292.18
29/04/2021 20:00:00,15154.2
30/04/2021 20:00:00,15135.91
03/05/2021 20:00:00,15236.47
04/05/2021 20:00:00,14856.48
05/05/2021 20:00:00,15170.78
06/05/2021 20:00:00,15196.74
07/05/2021 20:00:00,15399.65
10/05/2021 20:00:00,15400.41
11/05/2021 20:00:00,15119.75
12/05/2021 20:00:00,15150.22
13/05/2021 20:00:00,15199.68
14/05/2021 20:00:00,15416.64
17/05/2021 20:00:00,15396.62
18/05/2021 20:00:00,15386.58
19/05/2021 20:00:00,15113.56
20/05/2021 20:00:00,15370.26
21/05/2021 20:00:00,15437.51
25/05/2021 20:00:00,15465.09
26/05/2021 20:00:00,15450.72
27/05/2021 20:00:00,15406.73
28/05/2021 20:00:00,15519.98
31/05/2021 20:00:00,15421.13
01/06/2021 20:00:00,15567.36
02/06/2021 20:00:00,15602.71
03/06/2021 20:00:00,15632.67
04/06/2021 20:00:00,15692.9
07/06/2021 20:00:00,15677.15
08/06/2021 20:00:00,15640.6
09/06/2021 20:00:00,15581.14
10/06/2021 20:00:00,15571.22
11/06/2021 20:00:00,15693.27
14/06/2021 20:00:00,15673.64
15/06/2021 20:00:00,15729.52
16/06/2021 20:00:00,15710.57
17/06/2021 20:00:00,15727.67
18/06/2021 20:00:00,15448.04
21/06/2021 20:00:00,15603.24
22/06/2021 20:00:00,15636.33
23/06/2021 20:00:00,15456.39
24/06/2021 20:00:00,15589.23
25/06/2021 20:00:00,15607.97
28/06/2021 20:00:00,15554.18
29/06/2021 20:00:00,15690.59
30/06/2021 20:00:00,15531.04
01/07/2021 20:00:00,15603.81
02/07/2021 20:00:00,15650.09
05/07/2021 20:00:00,15661.97
06/07/2021 20:00:00,15511.38
07/07/2021 20:00:00,15692.71
08/07/2021 20:00:00,15420.64
09/07/2021 20:00:00,15687.93
12/07/2021 20:00:00,15790.51
13/07/2021 20:00:00,15789.64
14/07/2021 20:00:00,15788.98
15/07/2021 20:00:00,15629.66
16/07/2021 20:00:00,15540.31
19/07/2021 20:00:00,15133.2
20/07/2021 20:00:00,15216.27
21/07/2021 20:00:00,15422.5
22/07/2021 20:00:00,15514.54
23/07/2021 20:00:00,15669.29
26/07/2021 20:00:00,15618.98
27/07/2021 20:00:00,15519.13
28/07/2021 20:00:00,15570.36
29/07/2021 20:00:00,15640.47
30/07/2021 20:00:00,15544.39
02/08/2021 20:00:00,15568.73
03/08/2021 20:00:00,15555.08
04/08/2021 20:00:00,15692.13
05/08/2021 20:00:00,15744.67
06/08/2021 20:00:00,15761.45
09/08/2021 20:00:00,15745.41
10/08/2021 20:00:00,15770.71
11/08/2021 20:00:00,15826.09
12/08/2021 20:00:00,15937.51
13/08/2021 20:00:00,15977.44
16/08/2021 20:00:00,15925.73
17/08/2021 20:00:00,15921.95
18/08/2021 20:00:00,15965.97
19/08/2021 20:00:00,15765.81
20/08/2021 20:00:00,15808.04
23/08/2021 20:00:00,15852.79
24/08/2021 20:00:00,15905.85
25/08/2021 20:00:00,15860.66
26/08/2021 20:00:00,15793.62
27/08/2021 20:00:00,15851.75
30/08/2021 20:00:00,15887.31
31/08/2021 20:00:00,15835.09
01/09/2021 20:00:00,15824.29
02/09/2021 20:00:00,15840.59
03/09/2021 20:00:00,15781.2
06/09/2021 20:00:00,15932.12
07/09/2021 20:00:00,15843.09
08/09/2021 20:00:00,15610.28
09/09/2021 20:00:00,15623.15
10/09/2021 20:00:00,15609.81
13/09/2021 20:00:00,15701.42
14/09/2021 20:00:00,15722.99
15/09/2021 20:00:00,15616
16/09/2021 20:00:00,15651.75
17/09/2021 20:00:00,15490.17
20/09/2021 20:00:00,15132.06
21/09/2021 20:00:00,15348.53
22/09/2021 20:00:00,15506.74
23/09/2021 20:00:00,15643.97
24/09/2021 20:00:00,15531.75
27/09/2021 20:00:00,15573.88
28/09/2021 20:00:00,15248.56
29/09/2021 20:00:00,15365.27
30/09/2021 20:00:00,15260.69
01/10/2021 20:00:00,15156.44
04/10/2021 20:00:00,15036.55
05/10/2021 20:00:00,15194.49
06/10/2021 20:00:00,14973.33
07/10/2021 20:00:00,15250.86
08/10/2021 20:00:00,15206.13
11/10/2021 20:00:00,15199.14
12/10/2021 20:00:00,15146.87
13/10/2021 20:00:00,15249.38
14/10/2021 20:00:00,15462.72
15/10/2021 20:00:00,15587.36
18/10/2021 20:00:00,15474.47
19/10/2021 20:00:00,15515.83
20/10/2021 20:00:00,15522.92
21/10/2021 20:00:00,15472.56
22/10/2021 20:00:00,15542.98
25/10/2021 20:00:00,15599.23
26/10/2021 20:00:00,15757.06
27/10/2021 20:00:00,15705.81
28/10/2021 20:00:00,15696.33
29/10/2021 20:00:00,15688.77
01/11/2021 20:00:00,15806.29
02/11/2021 20:00:00,15954.45
03/11/2021 20:00:00,15959.98
04/11/2021 20:00:00,16029.65
05/11/2021 20:00:00,16054.36
08/11/2021 20:00:00,16046.52
09/11/2021 20:00:00,16040.47
10/11/2021 20:00:00,16067.83
11/11/2021 20:00:00,16083.11
12/11/2021 20:00:00,16094.07
15/11/2021 20:00:00,16148.64
16/11/2021 20:00:00,16247.86
17/11/2021 20:00:00,16251.13
18/11/2021 20:00:00,16221.73
19/11/2021 20:00:00,16159.97
22/11/2021 20:00:00,16115.69
23/11/2021 20:00:00,15937
24/11/2021 20:00:00,15878.39
25/11/2021 20:00:00,15917.98
26/11/2021 20:00:00,15257.04
29/11/2021 20:00:00,15280.86
30/11/2021 20:00:00,15100.13
01/12/2021 20:00:00,15472.67
02/12/2021 20:00:00,15263.11
03/12/2021 20:00:00,15169.98
06/12/2021 20:00:00,15380.79
07/12/2021 20:00:00,15813.94
08/12/2021 20:00:00,15687.09
09/12/2021 20:00:00,15639.26
10/12/2021 20:00:00,15623.31
13/12/2021 20:00:00,15621.72
14/12/2021 20:00:00,15453.56
15/12/2021 20:00:00,15476.35
16/12/2021 20:00:00,15636.4
17/12/2021 20:00:00,15531.69
20/12/2021 20:00:00,15239.67
21/12/2021 20:00:00,15447.44
22/12/2021 20:00:00,15593.47
23/12/2021 20:00:00,15756.31
27/12/2021 20:00:00,15835.25
28/12/2021 20:00:00,15963.7
29/12/2021 20:00:00,15852.25
30/12/2021 14:04:00,15884.86
03/01/2022 20:00:00,16020.73
04/01/2022 20:00:00,16152.61
05/01/2022 20:00:00,16271.75
06/01/2022 20:00:00,16052.03
07/01/2022 20:00:00,15947.74
10/01/2022 20:00:00,15768.27
11/01/2022 20:00:00,15941.81
12/01/2022 20:00:00,16010.32
13/01/2022 20:00:00,16031.59
14/01/2022 20:00:00,15883.24
17/01/2022 20:00:00,15933.72
18/01/2022 20:00:00,15772.56
19/01/2022 20:00:00,15809.72
20/01/2022 20:00:00,15912.33
21/01/2022 20:00:00,15603.88
24/01/2022 20:00:00,15011.13
25/01/2022 20:00:00,15123.87
26/01/2022 20:00:00,15459.39
27/01/2022 20:00:00,15524.27
28/01/2022 20:00:00,15318.95
31/01/2022 20:00:00,15471.2
01/02/2022 20:00:00,15619.39
02/02/2022 20:00:00,15613.77
03/02/2022 20:00:00,15368.47
04/02/2022 20:00:00,15099.56
07/02/2022 20:00:00,15206.64
08/02/2022 20:00:00,15242.38
09/02/2022 20:00:00,15482.01
10/02/2022 20:00:00,15490.44
11/02/2022 20:00:00,15425.12
14/02/2022 20:00:00,15113.97
15/02/2022 20:00:00,15412.71
16/02/2022 20:00:00,15370.3
17/02/2022 20:00:00,15267.63
18/02/2022 20:00:00,15042.51
21/02/2022 20:00:00,14731.12
22/02/2022 20:00:00,14693
23/02/2022 20:00:00,14631.36
24/02/2022 20:00:00,14052.1
25/02/2022 20:00:00,14567.23
28/02/2022 20:00:00,14461.02
01/03/2022 20:00:00,13904.85
02/03/2022 20:00:00,14000.11
03/03/2022 20:00:00,13698.4
04/03/2022 20:00:00,13094.54
07/03/2022 20:00:00,12834.65
08/03/2022 20:00:00,12831.51
09/03/2022 20:00:00,13847.93
10/03/2022 20:00:00,13442.1
11/03/2022 20:00:00,13628.11
14/03/2022 20:00:00,13929.11
15/03/2022 20:00:00,13917.27
16/03/2022 20:00:00,14440.74
17/03/2022 20:00:00,14388.06
18/03/2022 20:00:00,14413.09
21/03/2022 20:00:00,14326.97
22/03/2022 20:00:00,14473.2
23/03/2022 20:00:00,14283.65
24/03/2022 20:00:00,14273.79
25/03/2022 20:00:00,14305.76
28/03/2022 20:00:00,14417.37
29/03/2022 20:00:00,14820.33
30/03/2022 20:00:00,14606.05
31/03/2022 20:00:00,14414.75
01/04/2022 20:00:00,14446.48
04/04/2022 20:00:00,14518.16
05/04/2022 20:00:00,14424.36
06/04/2022 20:00:00,14151.69
07/04/2022 20:00:00,14078.15
08/04/2022 20:00:00,14283.67
11/04/2022 20:00:00,14192.78
12/04/2022 20:00:00,14124.95
13/04/2022 20:00:00,14076.44
14/04/2022 20:00:00,14163.85
19/04/2022 20:00:00,14153.46
20/04/2022 20:00:00,14362.03
21/04/2022 20:00:00,14502.41
22/04/2022 20:00:00,14142.09
25/04/2022 20:00:00,13924.17
26/04/2022 20:00:00,13756.4
27/04/2022 20:00:00,13793.94
28/04/2022 20:00:00,13979.84
29/04/2022 20:00:00,14097.88
02/05/2022 20:00:00,13939.07
03/05/2022 20:00:00,14039.47
04/05/2022 20:00:00,13970.82
05/05/2022 20:00:00,13902.52
06/05/2022 20:00:00,13674.29
09/05/2022 20:00:00,13380.67
10/05/2022 20:00:00,13534.74
11/05/2022 20:00:00,13828.64
12/05/2022 20:00:00,13739.64
13/05/2022 20:00:00,14027.93
16/05/2022 20:00:00,13964.38
17/05/2022 20:00:00,14185.94
18/05/2022 20:00:00,14007.76
19/05/2022 20:00:00,13882.3
20/05/2022 20:00:00,13981.91
23/05/2022 20:00:00,14175.4
24/05/2022 20:00:00,13919.75
25/05/2022 20:00:00,14007.93
26/05/2022 20:00:00,14231.29
27/05/2022 20:00:00,14462.19
30/05/2022 20:00:00,14575.98
31/05/2022 20:00:00,14388.35
01/06/2022 20:00:00,14340.47
02/06/2022 20:00:00,14485.17
03/06/2022 20:00:00,14460.09
06/06/2022 20:00:00,14653.81
07/06/2022 20:00:00,14556.62
08/06/2022 20:00:00,14445.99
09/06/2022 20:00:00,14198.8
10/06/2022 20:00:00,13761.83
13/06/2022 20:00:00,13427.03
14/06/2022 20:00:00,13304.39
15/06/2022 20:00:00,13485.29
16/06/2022 20:00:00,13038.49
17/06/2022 20:00:00,13126.26
20/06/2022 20:00:00,13265.6
21/06/2022 20:00:00,13292.4
22/06/2022 20:00:00,13144.28
23/06/2022 20:00:00,12912.59
24/06/2022 20:00:00,13118.13
27/06/2022 20:00:00,13186.07
28/06/2022 20:00:00,13231.82
29/06/2022 20:00:00,13003.35
30/06/2022 20:00:00,12783.77
01/07/2022 20:00:00,12813.03
04/07/2022 20:00:00,12773.38
05/07/2022 20:00:00,12401.2
06/07/2022 20:00:00,12594.52
07/07/2022 20:00:00,12843.22
08/07/2022 20:00:00,13015.23
11/07/2022 20:00:00,12832.44
12/07/2022 20:00:00,12905.48
13/07/2022 20:00:00,12756.32
14/07/2022 20:00:00,12519.66
15/07/2022 20:00:00,12864.72
18/07/2022 20:00:00,12959.81
19/07/2022 20:00:00,13308.41
20/07/2022 20:00:00,13281.98
21/07/2022 20:00:00,13246.64
22/07/2022 20:00:00,13253.68
25/07/2022 20:00:00,13210.32
26/07/2022 20:00:00,13096.93
27/07/2022 20:00:00,13166.38
28/07/2022 20:00:00,13282.11
29/07/2022 20:00:00,13484.05
01/08/2022 20:00:00,13479.63
02/08/2022 20:00:00,13449.2
03/08/2022 20:00:00,13587.56
04/08/2022 20:00:00,13662.68
05/08/2022 20:00:00,13573.93
08/08/2022 20:00:00,13687.69
09/08/2022 20:00:00,13534.97
10/08/2022 20:00:00,13700.93
11/08/2022 20:00:00,13694.51
12/08/2022 20:00:00,13795.85
15/08/2022 20:00:00,13816.61
16/08/2022 20:00:00,13910.12
17/08/2022 20:00:00,13626.71
18/08/2022 20:00:00,13697.41
19/08/2022 20:00:00,13544.52
22/08/2022 20:00:00,13230.57
23/08/2022 20:00:00,13194.23
24/08/2022 20:00:00,13220.06
25/08/2022 20:00:00,13271.96
26/08/2022 20:00:00,12971.47
29/08/2022 20:00:00,12892.99
30/08/2022 20:00:00,12961.14
31/08/2022 20:00:00,12834.96
01/09/2022 20:00:00,12630.23
02/09/2022 20:00:00,13050.27
05/09/2022 20:00:00,12760.78
06/09/2022 20:00:00,12871.44
07/09/2022 20:00:00,12915.97
08/09/2022 20:00:00,12904.32
09/09/2022 20:00:00,13088.21
12/09/2022 20:00:00,13402.27
13/09/2022 20:00:00,13188.95
14/09/2022 20:00:00,13028
15/09/2022 20:00:00,12956.66
16/09/2022 20:00:00,12741.26
19/09/2022 20:00:00,12803.24
20/09/2022 20:00:00,12670.83
21/09/2022 20:00:00,12767.15
22/09/2022 20:00:00,12531.63
23/09/2022 20:00:00,12284.19
26/09/2022 20:00:00,12227.92
27/09/2022 20:00:00,12139.68
28/09/2022 20:00:00,12183.28
29/09/2022 20:00:00,11975.55
30/09/2022 20:00:00,12114.36
03/10/2022 20:00:00,12209.48
04/10/2022 20:00:00,12670.48
05/10/2022 20:00:00,12517.18
06/10/2022 20:00:00,12470.78
07/10/2022 20:00:00,12273
10/10/2022 20:00:00,12272.94
11/10/2022 20:00:00,12220.25
12/10/2022 20:00:00,12172.26
13/10/2022 20:00:00,12355.58
14/10/2022 20:00:00,12437.81
17/10/2022 20:00:00,12649.03
18/10/2022 20:00:00,12765.61
19/10/2022 20:00:00,12741.41
20/10/2022 20:00:00,12767.41
21/10/2022 20:00:00,12730.9
24/10/2022 20:00:00,12931.45
25/10/2022 20:00:00,13052.96
26/10/2022 20:00:00,13195.81
27/10/2022 20:00:00,13211.23
28/10/2022 20:00:00,13243.33
31/10/2022 20:00:00,13253.74
01/11/2022 20:00:00,13338.74
02/11/2022 20:00:00,13256.74
03/11/2022 20:00:00,13130.19
04/11/2022 20:00:00,13459.85
07/11/2022 20:00:00,13533.52
08/11/2022 20:00:00,13688.75
09/11/2022 20:00:00,13666.32
10/11/2022 20:00:00,14146.09
11/11/2022 20:00:00,14224.86
14/11/2022 20:00:00,14313.3
15/11/2022 20:00:00,14378.51
16/11/2022 20:00:00,14234.03
17/11/2022 20:00:00,14266.38
18/11/2022 20:00:00,14431.86
21/11/2022 20:00:00,14379.93
22/11/2022 20:00:00,14422.35
23/11/2022 20:00:00,14427.59
24/11/2022 20:00:00,14539.56
25/11/2022 20:00:00,14541.38
28/11/2022 20:00:00,14383.36
29/11/2022 20:00:00,14355.45
30/11/2022 20:00:00,14397.04
01/12/2022 20:00:00,14490.3
02/12/2022 20:00:00,14529.39
05/12/2022 20:00:00,14447.61
06/12/2022 20:00:00,14343.19
07/12/2022 20:00:00,14261.19
08/12/2022 20:00:00,14264.56
09/12/2022 20:00:00,14370.72
12/12/2022 20:00:00,14306.63
13/12/2022 20:00:00,14497.89
14/12/2022 20:00:00,14460.2
15/12/2022 20:00:00,13986.23
16/12/2022 20:00:00,13893.07
19/12/2022 20:00:00,13942.87
20/12/2022 20:00:00,13884.66
21/12/2022 20:00:00,14097.82
22/12/2022 20:00:00,13914.07
23/12/2022 20:00:00,13940.93
27/12/2022 20:00:00,13995.1
28/12/2022 20:00:00,13925.6
29/12/2022 20:00:00,14071.72
30/12/2022 14:04:00,13923.59
02/01/2023 20:00:00,14069.26
03/01/2023 20:00:00,14181.67
04/01/2023 20:00:00,14490.78
05/01/2023 20:00:00,14436.31
06/01/2023 20:00:00,14610.02
09/01/2023 20:00:00,14792.83
10/01/2023 20:00:00,14774.6
11/01/2023 20:00:00,14947.91
12/01/2023 20:00:00,15058.3
13/01/2023 20:00:00,15086.52
16/01/2023 20:00:00,15134.04
17/01/2023 20:00:00,15187.07
18/01/2023 20:00:00,15181.8
19/01/2023 20:00:00,14920.36
20/01/2023 20:00:00,15033.56
23/01/2023 20:00:00,15102.95
24/01/2023 20:00:00,15093.11
25/01/2023 20:00:00,15081.64
26/01/2023 20:00:00,15132.85
27/01/2023 20:00:00,15150.03
30/01/2023 20:00:00,15126.08
31/01/2023 20:00:00,15128.27
01/02/2023 20:00:00,15180.74
02/02/2023 20:00:00,15509.19
03/02/2023 20:00:00,15476.43
06/02/2023 20:00:00,15345.91
07/02/2023 20:00:00,15320.88
08/02/2023 20:00:00,15412.05
09/02/2023 20:00:00,15523.42
10/02/2023 20:00:00,15307.98
13/02/2023 20:00:00,15397.34
14/02/2023 20:00:00,15380.56
15/02/2023 20:00:00,15506.34
16/02/2023 20:00:00,15533.64
17/02/2023 20:00:00,15482
20/02/2023 20:00:00,15477.55
21/02/2023 20:00:00,15397.62
22/02/2023 20:00:00,15399.89
23/02/2023 20:00:00,15475.69
24/02/2023 20:00:00,15209.74
27/02/2023 20:00:00,15381.43
28/02/2023 20:00:00,15365.14
01/03/2023 20:00:00,15305.02
02/03/2023 20:00:00,15327.64
03/03/2023 20:00:00,15578.39
06/03/2023 20:00:00,15653.58
07/03/2023 20:00:00,15559.53
08/03/2023 20:00:00,15631.87
09/03/2023 20:00:00,15633.21
10/03/2023 20:00:00,15427.97
13/03/2023 20:00:00,14959.47
14/03/2023 20:00:00,15232.83
15/03/2023 20:00:00,14735.26
16/03/2023 20:00:00,14967.1
17/03/2023 20:00:00,14768.2
20/03/2023 20:00:00,14933.38
21/03/2023 20:00:00,15195.34
22/03/2023 20:00:00,15216.19
23/03/2023 20:00:00,15210.39
24/03/2023 20:00:00,14957.23
27/03/2023 20:00:00,15127.68
28/03/2023 20:00:00,15142.02
29/03/2023 20:00:00,15328.78
30/03/2023 20:00:00,15522.4
31/03/2023 20:00:00,15628.84
03/04/2023 20:00:00,15580.92
04/04/2023 20:00:00,15603.47
05/04/2023 20:00:00,15520.17
06/04/2023 20:00:00,15597.89
11/04/2023 20:00:00,15655.17
12/04/2023 20:00:00,15703.6
13/04/2023 20:00:00,15729.46
14/04/2023 20:00:00,15807.5
17/04/2023 20:00:00,15789.53
18/04/2023 20:00:00,15882.67
19/04/2023 20:00:00,15895.2
20/04/2023 20:00:00,15795.97
21/04/2023 20:00:00,15881.66
24/04/2023 20:00:00,15863.95
25/04/2023 20:00:00,15872.13
26/04/2023 20:00:00,15795.73
27/04/2023 20:00:00,15800.45
28/04/2023 20:00:00,15922.38
02/05/2023 20:00:00,15726.94
03/05/2023 20:00:00,15815.06
04/05/2023 20:00:00,15734.24
05/05/2023 20:00:00,15961.02
08/05/2023 20:00:00,15952.83
09/05/2023 20:00:00,15955.48
10/05/2023 20:00:00,15896.23
11/05/2023 20:00:00,15834.91
12/05/2023 20:00:00,15913.82
15/05/2023 20:00:00,15917.24
16/05/2023 20:00:00,15897.93
17/05/2023 20:00:00,15951.3
18/05/2023 20:04:00,16163.36
19/05/2023 20:00:00,16275.38
22/05/2023 20:00:00,16223.99
23/05/2023 20:00:00,16152.86
24/05/2023 20:00:00,15842.13
25/05/2023 20:00:00,15793.8
26/05/2023 20:00:00,15983.97
29/05/2023 20:04:00,15952.73
30/05/2023 20:00:00,15908.91
31/05/2023 20:00:00,15664.02
01/06/2023 20:00:00,15853.66
02/06/2023 20:00:00,16051.23
05/06/2023 20:00:00,15963.89
06/06/2023 20:00:00,15992.44
07/06/2023 20:00:00,15960.56
08/06/2023 20:04:00,15989.96
09/06/2023 20:00:00,15949.84
12/06/2023 20:00:00,16097.87
13/06/2023 20:00:00,16230.68
14/06/2023 20:00:00,16310.79
15/06/2023 20:00:00,16290.12
16/06/2023 20:00:00,16357.63
19/06/2023 20:00:00,16201.2
20/06/2023 20:00:00,16111.32
21/06/2023 20:00:00,16023.13
22/06/2023 20:00:00,15988.16
23/06/2023 20:00:00,15829.94
26/06/2023 20:00:00,15813.06
27/06/2023 20:00:00,15846.86
28/06/2023 20:00:00,15949
29/06/2023 20:00:00,15946.72
30/06/2023 20:00:00,16147.9
03/07/2023 20:00:00,16081.04
04/07/2023 20:00:00,16039.17
05/07/2023 20:00:00,15937.58
06/07/2023 20:00:00,15528.54
07/07/2023 20:00:00,15603.4
10/07/2023 20:00:00,15673.16
11/07/2023 20:00:00,15790.34
12/07/2023 20:00:00,16023
13/07/2023 20:00:00,16141.03
14/07/2023 20:00:00,16105.07
17/07/2023 20:00:00,16068.65
18/07/2023 20:00:00,16125.49
19/07/2023 20:00:00,16108.93
20/07/2023 20:00:00,16204.22
21/07/2023 20:00:00,16177.22
24/07/2023 20:00:00,16190.95
25/07/2023 20:00:00,16211.59
26/07/2023 20:00:00,16131.46
27/07/2023 20:00:00,16406.03
28/07/2023 20:00:00,16469.75
31/07/2023 20:00:00,16446.83
01/08/2023 20:00:00,16240.4
02/08/2023 20:00:00,16020.02
03/08/2023 20:00:00,15893.38
04/08/2023 20:00:00,15951.86
07/08/2023 20:00:00,15950.76
08/08/2023 20:00:00,15774.93
09/08/2023 20:00:00,15852.58
10/08/2023 20:00:00,15996.52
11/08/2023 20:00:00,15832.17
14/08/2023 20:00:00,15904.25
15/08/2023 20:00:00,15767.28
16/08/2023 20:00:00,15789.45
17/08/2023 20:00:00,15676.9
18/08/2023 20:00:00,15574.26
21/08/2023 20:00:00,15603.28
22/08/2023 20:00:00,15705.62
23/08/2023 20:00:00,15728.41
24/08/2023 20:00:00,15621.49
25/08/2023 20:00:00,15631.82
28/08/2023 20:00:00,15792.61
29/08/2023 20:00:00,15930.88
30/08/2023 20:00:00,15891.93
31/08/2023 20:00:00,15947.08
01/09/2023 20:00:00,15840.34
04/09/2023 20:00:00,15824.85
05/09/2023 20:00:00,15771.71
06/09/2023 20:00:00,15741.37
07/09/2023 20:00:00,15718.66
08/09/2023 20:00:00,15740.3
11/09/2023 20:00:00,15800.99
12/09/2023 20:00:00,15715.53
13/09/2023 20:00:00,15654.03
14/09/2023 20:00:00,15805.29
15/09/2023 20:00:00,15893.53
18/09/2023 20:00:00,15727.12
19/09/2023 20:00:00,15664.48
20/09/2023 20:00:00,15781.59
21/09/2023 20:00:00,15571.86
22/09/2023 20:00:00,15557.29
25/09/2023 20:00:00,15405.49
26/09/2023 20:00:00,15255.87
27/09/2023 20:00:00,15217.45
28/09/2023 20:00:00,15323.5
29/09/2023 20:00:00,15386.58
02/10/2023 20:00:00,15247.21
03/10/2023 20:04:00,15085.21
04/10/2023 20:00:00,15099.92
05/10/2023 20:00:00,15070.22
06/10/2023 20:00:00,15229.77
09/10/2023 20:00:00,15128.11
10/10/2023 20:00:00,15423.52
11/10/2023 20:00:00,15460.01
12/10/2023 20:00:00,15425.03
13/10/2023 20:00:00,15186.66
16/10/2023 20:00:00,15237.99
17/10/2023 20:00:00,15251.69
18/10/2023 20:00:00,15094.91
19/10/2023 20:00:00,15045.23
20/10/2023 20:00:00,14798.47
23/10/2023 20:00:00,14800.72
24/10/2023 20:00:00,14879.94
25/10/2023 20:00:00,14892.18
26/10/2023 20:00:00,14731.05
27/10/2023 20:00:00,14687.41
30/10/2023 20:00:00,14716.54
31/10/2023 20:00:00,14810.34
01/11/2023 20:00:00,14923.27
02/11/2023 20:00:00,15143.6
03/11/2023 20:00:00,15189.25
06/11/2023 20:00:00,15135.97
07/11/2023 20:00:00,15152.64
08/11/2023 20:00:00,15229.6
09/11/2023 20:00:00,15352.54
10/11/2023 20:00:00,15234.39
13/11/2023 20:00:00,15345
14/11/2023 20:00:00,15614.43
15/11/2023 20:00:00,15748.17
16/11/2023 20:00:00,15786.61
17/11/2023 20:00:00,15919.16
20/11/2023 20:00:00,15901.33
21/11/2023 20:00:00,15900.53
22/11/2023 20:00:00,15957.82
23/11/2023 20:00:00,15994.73
24/11/2023 20:00:00,16029.49
27/11/2023 20:00:00,15966.37
28/11/2023 20:00:00,15992.67
29/11/2023 20:00:00,16166.45
30/11/2023 20:00:00,16215.43
01/12/2023 20:00:00,16397.52
04/12/2023 20:00:00,16404.76
05/12/2023 20:00:00,16533.11
06/12/2023 20:00:00,16656.44
07/12/2023 20:00:00,16628.99
08/12/2023 20:00:00,16759.22
11/12/2023 20:00:00,16794.43
12/12/2023 20:00:00,16791.74
13/12/2023 20:00:00,16766.05
14/12/2023 20:00:00,16752.23
15/12/2023 20:00:00,16751.44
18/12/2023 20:00:00,16650.55
19/12/2023 20:00:00,16744.41
20/12/2023 20:00:00,16733.05
21/12/2023 20:00:00,16687.42
22/12/2023 20:00:00,16706.18
27/12/2023 20:00:00,16742.07
28/12/2023 20:00:00,16701.55
29/12/2023 20:00:00,16751.64
02/01/2024 20:00:00,16769.36
03/01/2024 20:00:00,16538.39
04/01/2024 20:00:00,16617.29
05/01/2024 20:00:00,16594.21
08/01/2024 20:00:00,16716.47
09/01/2024 20:00:00,16688.36
10/01/2024 20:00:00,16689.81
11/01/2024 20:00:00,16547.03
12/01/2024 20:00:00,16704.56
15/01/2024 20:00:00,16622.22
16/01/2024 20:00:00,16571.68
17/01/2024 20:00:00,16431.69
18/01/2024 20:00:00,16567.35
19/01/2024 20:00:00,16555.13
22/01/2024 20:00:00,16683.36
23/01/2024 20:00:00,16627.09
24/01/2024 20:00:00,16889.92
25/01/2024 20:00:00,16906.92
26/01/2024 20:00:00,16961.39
29/01/2024 20:00:00,16941.71
30/01/2024 20:00:00,16972.34
31/01/2024 20:00:00,16903.76
01/02/2024 20:00:00,16859.04
02/02/2024 20:00:00,16918.21
05/02/2024 20:00:00,16904.06
06/02/2024 20:00:00,17033.24
07/02/2024 20:00:00,16921.96
08/02/2024 20:00:00,16963.83
09/02/2024 20:00:00,16926.5
12/02/2024 20:00:00,17037.35
13/02/2024 20:00:00,16880.83
14/02/2024 20:00:00,16945.48
15/02/2024 20:00:00,17046.69
16/02/2024 20:00:00,17117.44
19/02/2024 20:00:00,17092.26
20/02/2024 20:00:00,17068.43
21/02/2024 20:00:00,17118.12
22/02/2024 20:00:00,17370.45
23/02/2024 20:00:00,17419.33
26/02/2024 20:00:00,17423.23
27/02/2024 20:00:00,17556.49
28/02/2024 20:00:00,17601.22
29/02/2024 20:00:00,17678.19
01/03/2024 20:00:00,17735.07
04/03/2024 20:00:00,17716.17
05/03/2024 20:00:00,17698.4
06/03/2024 20:00:00,17716.71
07/03/2024 20:00:00,17842.85
08/03/2024 20:00:00,17814.51
11/03/2024 20:00:00,17746.27
12/03/2024 20:00:00,17965.11
13/03/2024 20:00:00,17961.38
14/03/2024 20:00:00,17942.04
15/03/2024 20:00:00,17936.65
18/03/2024 20:00:00,17932.68
19/03/2024 20:00:00,17987.49
20/03/2024 20:00:00,18015.13
21/03/2024 20:00:00,18179.25
22/03/2024 20:00:00,18205.94
25/03/2024 20:00:00,18261.31
26/03/2024 20:00:00,18384.35
27/03/2024 20:00:00,18477.09
28/03/2024 20:00:00,18492.49
02/04/2024 20:00:00,18283.13
03/04/2024 20:00:00,18367.72
04/04/2024 20:00:00,18403.13
05/04/2024 20:00:00,18175.04
08/04/2024 20:00:00,18318.97
09/04/2024 20:00:00,18076.69
10/04/2024 20:00:00,18097.3
11/04/2024 20:00:00,17954.48
12/04/2024 20:00:00,17930.32
15/04/2024 20:00:00,18026.58
16/04/2024 20:00:00,17766.23
17/04/2024 20:00:00,17770.02
18/04/2024 20:00:00,17837.4
19/04/2024 20:00:00,17737.36
22/04/2024 20:00:00,17860.8
23/04/2024 20:00:00,18137.65
24/04/2024 20:00:00,18088.7
25/04/2024 20:00:00,17917.28
26/04/2024 20:00:00,18161.01
29/04/2024 20:00:00,18118.32
30/04/2024 20:00:00,17932.17